ID,BandNmbr,Latitude,Longitude,gmt,dt,date,mp,high,site,age,sex,precip,Field
152,171368600,30.82888630000,-93.38031770000,2016-01-19 05:57:00,2016-01-18 23:57:00,1/18/2016,68,59,DERI,HY,M,0,1
153,171368600,30.82888850000,-93.38034410000,2016-01-19 07:00:00,2016-01-19 01:00:00,1/19/2016,78,65,DERI,HY,M,0,1
154,171368600,30.82888780000,-93.38031890000,2016-01-19 08:00:00,2016-01-19 02:00:00,1/19/2016,78,65,DERI,HY,M,0,1
155,171368600,30.82887750000,-93.38030290000,2016-01-19 09:00:00,2016-01-19 03:00:00,1/19/2016,78,65,DERI,HY,M,0,1
156,171368600,30.82893550000,-93.38027410000,2016-01-19 10:00:00,2016-01-19 04:00:00,1/19/2016,78,65,DERI,HY,M,0,1
157,171368600,30.82890450000,-93.38033060000,2016-01-19 11:00:00,2016-01-19 05:00:00,1/19/2016,78,65,DERI,HY,M,0,1
158,171368600,30.82889210000,-93.38032990000,2016-01-19 12:00:00,2016-01-19 06:00:00,1/19/2016,78,65,DERI,HY,M,0,1
159,171368600,30.83223780000,-93.38069070000,2016-01-19 13:00:00,2016-01-19 07:00:00,1/19/2016,78,65,DERI,HY,M,0,1
160,171368600,30.83218930000,-93.38065390000,2016-01-19 14:00:00,2016-01-19 08:00:00,1/19/2016,78,65,DERI,HY,M,0,1
161,171368600,30.83219100000,-93.38065200000,2016-01-19 15:00:00,2016-01-19 09:00:00,1/19/2016,78,65,DERI,HY,M,0,1
162,171368600,30.83222000000,-93.38066000000,2016-01-19 16:00:00,2016-01-19 10:00:00,1/19/2016,78,65,DERI,HY,M,0,1
163,171368600,30.83220170000,-93.38065450000,2016-01-19 17:00:00,2016-01-19 11:00:00,1/19/2016,78,65,DERI,HY,M,0,1
164,171368600,30.83219300000,-93.38063240000,2016-01-19 18:00:00,2016-01-19 12:00:00,1/19/2016,78,65,DERI,HY,M,0,1
165,171368600,30.83224620000,-93.38060600000,2016-01-19 19:00:00,2016-01-19 13:00:00,1/19/2016,78,65,DERI,HY,M,0,1
166,171368600,30.83219900000,-93.38064160000,2016-01-19 20:00:00,2016-01-19 14:00:00,1/19/2016,78,65,DERI,HY,M,0,1
167,171368600,30.83219140000,-93.38063420000,2016-01-19 21:00:00,2016-01-19 15:00:00,1/19/2016,78,65,DERI,HY,M,0,1
168,171368600,30.83219590000,-93.38064220000,2016-01-19 22:00:00,2016-01-19 16:00:00,1/19/2016,78,65,DERI,HY,M,0,1
169,171368600,30.83220070000,-93.38063240000,2016-01-19 23:00:00,2016-01-19 17:00:00,1/19/2016,78,65,DERI,HY,M,0,1
170,171368600,30.83221350000,-93.38067600000,2016-01-20 00:00:00,2016-01-19 18:00:00,1/19/2016,78,65,DERI,HY,M,0,1
171,171368600,30.83204270000,-93.38075450000,2016-01-20 01:00:00,2016-01-19 19:00:00,1/19/2016,78,65,DERI,HY,M,0,1
172,171368600,30.83204870000,-93.38076370000,2016-01-20 02:00:00,2016-01-19 20:00:00,1/19/2016,78,65,DERI,HY,M,0,1
173,171368600,30.83211980000,-93.38047280000,2016-01-20 03:00:00,2016-01-19 21:00:00,1/19/2016,78,65,DERI,HY,M,0,1
174,171368600,30.83213190000,-93.38048390000,2016-01-20 04:00:00,2016-01-19 22:00:00,1/19/2016,78,65,DERI,HY,M,0,1
175,171368600,30.83209780000,-93.38048450000,2016-01-20 05:00:00,2016-01-19 23:00:00,1/19/2016,78,65,DERI,HY,M,0,1
176,171368600,30.83189390000,-93.38076800000,2016-01-20 06:00:00,2016-01-20 00:00:00,1/20/2016,86,71,DERI,HY,M,0,1
177,171368600,30.83177880000,-93.38096500000,2016-01-20 07:00:00,2016-01-20 01:00:00,1/20/2016,86,71,DERI,HY,M,0,1
178,171368600,30.83168760000,-93.38096010000,2016-01-20 08:00:00,2016-01-20 02:00:00,1/20/2016,86,71,DERI,HY,M,0,1
179,171368600,30.83167880000,-93.38094110000,2016-01-20 09:00:00,2016-01-20 03:00:00,1/20/2016,86,71,DERI,HY,M,0,1
180,171368600,30.83169860000,-93.38095210000,2016-01-20 10:00:00,2016-01-20 04:00:00,1/20/2016,86,71,DERI,HY,M,0,1
181,171368600,30.83166470000,-93.38094960000,2016-01-20 11:00:00,2016-01-20 05:00:00,1/20/2016,86,71,DERI,HY,M,0,1
182,171368600,30.83168150000,-93.38095820000,2016-01-20 12:00:00,2016-01-20 06:00:00,1/20/2016,86,71,DERI,HY,M,0,1
183,171368600,30.84675380000,-93.37894020000,2016-01-20 13:00:00,2016-01-20 07:00:00,1/20/2016,86,71,DERI,HY,M,0,0
184,171368600,30.84661830000,-93.37900420000,2016-01-20 14:00:00,2016-01-20 08:00:00,1/20/2016,86,71,DERI,HY,M,0,0
185,171368600,30.84666930000,-93.37867320000,2016-01-20 15:00:00,2016-01-20 09:00:00,1/20/2016,86,71,DERI,HY,M,0,0
186,171368600,30.84677190000,-93.37870890000,2016-01-20 16:00:00,2016-01-20 10:00:00,1/20/2016,86,71,DERI,HY,M,0,0
187,171368600,30.84721280000,-93.37859230000,2016-01-20 17:01:00,2016-01-20 11:01:00,1/20/2016,86,71,DERI,HY,M,0,0
188,171368600,30.84665400000,-93.37867440000,2016-01-20 18:00:00,2016-01-20 12:00:00,1/20/2016,86,71,DERI,HY,M,0,0
189,171368600,30.84650290000,-93.37879150000,2016-01-20 19:00:00,2016-01-20 13:00:00,1/20/2016,86,71,DERI,HY,M,0,0
190,171368600,30.84687940000,-93.37819420000,2016-01-20 20:00:00,2016-01-20 14:00:00,1/20/2016,86,71,DERI,HY,M,0,0
191,171368600,30.84669210000,-93.37876340000,2016-01-20 21:00:00,2016-01-20 15:00:00,1/20/2016,86,71,DERI,HY,M,0,0
192,171368600,30.84656130000,-93.37865540000,2016-01-20 22:00:00,2016-01-20 16:00:00,1/20/2016,86,71,DERI,HY,M,0,0
193,171368600,30.84645120000,-93.37885120000,2016-01-20 23:00:00,2016-01-20 17:00:00,1/20/2016,86,71,DERI,HY,M,0,0
195,171368600,30.84383300000,-93.37920010000,2016-01-21 01:00:00,2016-01-20 19:00:00,1/20/2016,86,71,DERI,HY,M,0,0
196,171368600,30.84360020000,-93.37924140000,2016-01-21 02:00:00,2016-01-20 20:00:00,1/20/2016,86,71,DERI,HY,M,0,0
197,171368600,30.84383840000,-93.37882930000,2016-01-21 03:00:00,2016-01-20 21:00:00,1/20/2016,86,71,DERI,HY,M,0,0
198,171368600,30.84394220000,-93.37922100000,2016-01-21 04:00:00,2016-01-20 22:00:00,1/20/2016,86,71,DERI,HY,M,0,0
199,171368600,30.84378510000,-93.37920310000,2016-01-21 05:00:00,2016-01-20 23:00:00,1/20/2016,86,71,DERI,HY,M,0,0
200,171368600,30.84402180000,-93.37920260000,2016-01-21 06:00:00,2016-01-21 00:00:00,1/21/2016,93,73,DERI,HY,M,0.6,0
201,171368600,30.84394990000,-93.37878810000,2016-01-21 07:00:00,2016-01-21 01:00:00,1/21/2016,93,73,DERI,HY,M,0.6,0
202,171368600,30.84400900000,-93.37915040000,2016-01-21 08:00:00,2016-01-21 02:00:00,1/21/2016,93,73,DERI,HY,M,0.6,0
203,171368600,30.84401140000,-93.37918540000,2016-01-21 09:00:00,2016-01-21 03:00:00,1/21/2016,93,73,DERI,HY,M,0.6,0
204,171368600,30.84405470000,-93.37924250000,2016-01-21 10:00:00,2016-01-21 04:00:00,1/21/2016,93,73,DERI,HY,M,0.6,0
205,171368600,30.84662320000,-93.37849760000,2016-01-21 11:00:00,2016-01-21 05:00:00,1/21/2016,93,73,DERI,HY,M,0.6,0
206,171368600,30.84796410000,-93.37880780000,2016-01-21 12:00:00,2016-01-21 06:00:00,1/21/2016,93,73,DERI,HY,M,0.6,0
207,171368600,30.84665430000,-93.37876100000,2016-01-21 13:01:00,2016-01-21 07:01:00,1/21/2016,93,73,DERI,HY,M,0.6,0
208,171368600,30.84673780000,-93.37847070000,2016-01-21 14:01:00,2016-01-21 08:01:00,1/21/2016,93,73,DERI,HY,M,0.6,0
209,171368600,30.84684550000,-93.37861620000,2016-01-21 15:00:00,2016-01-21 09:00:00,1/21/2016,93,73,DERI,HY,M,0.6,0
210,171368600,30.84676100000,-93.37877880000,2016-01-21 16:00:00,2016-01-21 10:00:00,1/21/2016,93,73,DERI,HY,M,0.6,0
211,171368600,30.84660160000,-93.37907040000,2016-01-21 17:00:00,2016-01-21 11:00:00,1/21/2016,93,73,DERI,HY,M,0.6,0
212,171368600,30.84647960000,-93.37908680000,2016-01-21 18:00:00,2016-01-21 12:00:00,1/21/2016,93,73,DERI,HY,M,0.6,0
213,171368600,30.84658410000,-93.37887140000,2016-01-21 19:00:00,2016-01-21 13:00:00,1/21/2016,93,73,DERI,HY,M,0.6,0
214,171368600,30.84620140000,-93.37851150000,2016-01-21 20:00:00,2016-01-21 14:00:00,1/21/2016,93,73,DERI,HY,M,0.6,0
215,171368600,30.84671940000,-93.37884140000,2016-01-21 21:00:00,2016-01-21 15:00:00,1/21/2016,93,73,DERI,HY,M,0.6,0
216,171368600,30.84678470000,-93.37888680000,2016-01-21 22:00:00,2016-01-21 16:00:00,1/21/2016,93,73,DERI,HY,M,0.6,0
217,171368600,30.84645560000,-93.37903620000,2016-01-21 23:00:00,2016-01-21 17:00:00,1/21/2016,93,73,DERI,HY,M,0.6,0
219,171368600,30.84753520000,-93.37756650000,2016-01-22 01:01:00,2016-01-21 19:01:00,1/21/2016,93,73,DERI,HY,M,0.6,0
220,171368600,30.84725190000,-93.37863530000,2016-01-22 02:01:00,2016-01-21 20:01:00,1/21/2016,93,73,DERI,HY,M,0.6,0
221,171368600,30.84733680000,-93.37836630000,2016-01-22 03:00:00,2016-01-21 21:00:00,1/21/2016,93,73,DERI,HY,M,0.6,0
222,171368600,30.84730980000,-93.37856160000,2016-01-22 04:00:00,2016-01-21 22:00:00,1/21/2016,93,73,DERI,HY,M,0.6,0
223,171368600,30.84728060000,-93.37866960000,2016-01-22 05:00:00,2016-01-21 23:00:00,1/21/2016,93,73,DERI,HY,M,0.6,0
224,171368600,30.84735350000,-93.37837800000,2016-01-22 06:00:00,2016-01-22 00:00:00,1/22/2016,98,45,DERI,HY,M,0,0
225,171368600,30.84735870000,-93.37830550000,2016-01-22 07:00:00,2016-01-22 01:00:00,1/22/2016,98,45,DERI,HY,M,0,0
226,171368600,30.84753620000,-93.37838720000,2016-01-22 08:00:00,2016-01-22 02:00:00,1/22/2016,98,45,DERI,HY,M,0,0
227,171368600,30.84734000000,-93.37835830000,2016-01-22 09:00:00,2016-01-22 03:00:00,1/22/2016,98,45,DERI,HY,M,0,0
228,171368600,30.84741510000,-93.37859420000,2016-01-22 10:00:00,2016-01-22 04:00:00,1/22/2016,98,45,DERI,HY,M,0,0
229,171368600,30.84732690000,-93.37839760000,2016-01-22 11:00:00,2016-01-22 05:00:00,1/22/2016,98,45,DERI,HY,M,0,0
230,171368600,30.84735170000,-93.37838290000,2016-01-22 12:00:00,2016-01-22 06:00:00,1/22/2016,98,45,DERI,HY,M,0,0
231,171368600,30.84705310000,-93.37895510000,2016-01-22 13:00:00,2016-01-22 07:00:00,1/22/2016,98,45,DERI,HY,M,0,0
232,171368600,30.84647110000,-93.37894010000,2016-01-22 14:00:00,2016-01-22 08:00:00,1/22/2016,98,45,DERI,HY,M,0,0
233,171368600,30.84652730000,-93.37898120000,2016-01-22 15:00:00,2016-01-22 09:00:00,1/22/2016,98,45,DERI,HY,M,0,0
234,171368600,30.84653660000,-93.37891740000,2016-01-22 16:00:00,2016-01-22 10:00:00,1/22/2016,98,45,DERI,HY,M,0,0
235,171368600,30.84636770000,-93.37880140000,2016-01-22 17:00:00,2016-01-22 11:00:00,1/22/2016,98,45,DERI,HY,M,0,0
236,171368600,30.84656070000,-93.37880940000,2016-01-22 18:00:00,2016-01-22 12:00:00,1/22/2016,98,45,DERI,HY,M,0,0
237,171368602,30.83387050000,-93.37637900000,2016-01-08 06:58:00,2016-01-08 00:58:00,1/8/2016,3,61,DERI,AHY,F,2.13,1
238,171368602,30.83386500000,-93.37640970000,2016-01-08 08:30:00,2016-01-08 02:30:00,1/8/2016,3,61,DERI,AHY,F,2.13,1
239,171368602,30.83386030000,-93.37641220000,2016-01-08 10:00:00,2016-01-08 04:00:00,1/8/2016,3,61,DERI,AHY,F,2.13,1
240,171368602,30.83382630000,-93.37640970000,2016-01-08 11:30:00,2016-01-08 05:30:00,1/8/2016,3,61,DERI,AHY,F,2.13,1
241,171368602,30.83127940000,-93.36857820000,2016-01-08 13:00:00,2016-01-08 07:00:00,1/8/2016,3,61,DERI,AHY,F,2.13,0
242,171368602,30.83109690000,-93.36851810000,2016-01-08 14:30:00,2016-01-08 08:30:00,1/8/2016,3,61,DERI,AHY,F,2.13,0
243,171368602,30.83135740000,-93.36867460000,2016-01-08 16:00:00,2016-01-08 10:00:00,1/8/2016,3,61,DERI,AHY,F,2.13,0
244,171368602,30.83132170000,-93.36862490000,2016-01-08 17:30:00,2016-01-08 11:30:00,1/8/2016,3,61,DERI,AHY,F,2.13,0
245,171368602,30.83180820000,-93.36857580000,2016-01-08 19:01:00,2016-01-08 13:01:00,1/8/2016,3,61,DERI,AHY,F,2.13,0
246,171368602,30.83124350000,-93.36864450000,2016-01-08 20:30:00,2016-01-08 14:30:00,1/8/2016,3,61,DERI,AHY,F,2.13,0
247,171368602,30.83101560000,-93.36794790000,2016-01-08 22:00:00,2016-01-08 16:00:00,1/8/2016,3,61,DERI,AHY,F,2.13,0
248,171368602,30.83151720000,-93.36893240000,2016-01-08 23:31:00,2016-01-08 17:31:00,1/8/2016,3,61,DERI,AHY,F,2.13,0
249,171368602,30.82224580000,-93.36479070000,2016-01-09 01:00:00,2016-01-08 19:00:00,1/8/2016,3,61,DERI,AHY,F,2.13,1
250,171368602,30.82230430000,-93.36480180000,2016-01-09 02:30:00,2016-01-08 20:30:00,1/8/2016,3,61,DERI,AHY,F,2.13,1
251,171368602,30.82102800000,-93.36365840000,2016-01-09 04:00:00,2016-01-08 22:00:00,1/8/2016,3,61,DERI,AHY,F,2.13,1
252,171368602,30.82105670000,-93.36362040000,2016-01-09 05:30:00,2016-01-08 23:30:00,1/8/2016,3,61,DERI,AHY,F,2.13,1
253,171368602,30.82101050000,-93.36356090000,2016-01-09 07:00:00,2016-01-09 01:00:00,1/9/2016,1,63,DERI,AHY,F,0.01,1
254,171368602,30.82104100000,-93.36363080000,2016-01-09 08:30:00,2016-01-09 02:30:00,1/9/2016,1,63,DERI,AHY,F,0.01,1
255,171368602,30.82101910000,-93.36363940000,2016-01-09 10:00:00,2016-01-09 04:00:00,1/9/2016,1,63,DERI,AHY,F,0.01,1
256,171368602,30.82098830000,-93.36363630000,2016-01-09 11:30:00,2016-01-09 05:30:00,1/9/2016,1,63,DERI,AHY,F,0.01,1
257,171368602,30.83103000000,-93.36905760000,2016-01-09 13:00:00,2016-01-09 07:00:00,1/9/2016,1,63,DERI,AHY,F,0.01,0
258,171368602,30.83107780000,-93.36900540000,2016-01-09 14:30:00,2016-01-09 08:30:00,1/9/2016,1,63,DERI,AHY,F,0.01,0
259,171368602,30.83106160000,-93.36892380000,2016-01-09 16:00:00,2016-01-09 10:00:00,1/9/2016,1,63,DERI,AHY,F,0.01,0
260,171368602,30.83109680000,-93.36864690000,2016-01-09 17:30:00,2016-01-09 11:30:00,1/9/2016,1,63,DERI,AHY,F,0.01,0
261,171368602,30.83114680000,-93.36919140000,2016-01-09 19:01:00,2016-01-09 13:01:00,1/9/2016,1,63,DERI,AHY,F,0.01,0
262,171368602,30.83271320000,-93.36758150000,2016-01-09 20:30:00,2016-01-09 14:30:00,1/9/2016,1,63,DERI,AHY,F,0.01,0
263,171368602,30.83105190000,-93.36909380000,2016-01-09 22:00:00,2016-01-09 16:00:00,1/9/2016,1,63,DERI,AHY,F,0.01,0
265,171368602,30.82076760000,-93.36391130000,2016-01-10 01:00:00,2016-01-09 19:00:00,1/9/2016,1,63,DERI,AHY,F,0.01,1
266,171368602,30.82080770000,-93.36385910000,2016-01-10 02:30:00,2016-01-09 20:30:00,1/9/2016,1,63,DERI,AHY,F,0.01,1
267,171368602,30.82077640000,-93.36393030000,2016-01-10 04:00:00,2016-01-09 22:00:00,1/9/2016,1,63,DERI,AHY,F,0.01,1
268,171368602,30.82078830000,-93.36394440000,2016-01-10 05:30:00,2016-01-09 23:30:00,1/9/2016,1,63,DERI,AHY,F,0.01,1
269,171368602,30.82075460000,-93.36392720000,2016-01-10 07:00:00,2016-01-10 01:00:00,1/10/2016,1,48,DERI,AHY,F,0,1
270,171368602,30.82077390000,-93.36390270000,2016-01-10 08:30:00,2016-01-10 02:30:00,1/10/2016,1,48,DERI,AHY,F,0,1
271,171368602,30.82078490000,-93.36395120000,2016-01-10 10:00:00,2016-01-10 04:00:00,1/10/2016,1,48,DERI,AHY,F,0,1
272,171368602,30.82084700000,-93.36400460000,2016-01-10 11:30:00,2016-01-10 05:30:00,1/10/2016,1,48,DERI,AHY,F,0,1
273,171368602,30.83099090000,-93.36907540000,2016-01-10 13:00:00,2016-01-10 07:00:00,1/10/2016,1,48,DERI,AHY,F,0,0
274,171368602,30.83078500000,-93.36884890000,2016-01-10 14:30:00,2016-01-10 08:30:00,1/10/2016,1,48,DERI,AHY,F,0,0
275,171368602,30.83113850000,-93.36903430000,2016-01-10 16:00:00,2016-01-10 10:00:00,1/10/2016,1,48,DERI,AHY,F,0,0
276,171368602,30.83110100000,-93.36882740000,2016-01-10 17:30:00,2016-01-10 11:30:00,1/10/2016,1,48,DERI,AHY,F,0,0
277,171368602,30.83125280000,-93.36880780000,2016-01-10 19:00:00,2016-01-10 13:00:00,1/10/2016,1,48,DERI,AHY,F,0,0
278,171368602,30.83153680000,-93.36877590000,2016-01-10 20:30:00,2016-01-10 14:30:00,1/10/2016,1,48,DERI,AHY,F,0,0
280,171368602,30.83106560000,-93.36856900000,2016-01-10 23:30:00,2016-01-10 17:30:00,1/10/2016,1,48,DERI,AHY,F,0,0
281,171368602,30.83135910000,-93.36892440000,2016-01-11 01:00:00,2016-01-10 19:00:00,1/10/2016,1,48,DERI,AHY,F,0,0
282,171368602,30.83108840000,-93.36860280000,2016-01-11 02:30:00,2016-01-10 20:30:00,1/10/2016,1,48,DERI,AHY,F,0,0
283,171368602,30.83109950000,-93.36864390000,2016-01-11 04:00:00,2016-01-10 22:00:00,1/10/2016,1,48,DERI,AHY,F,0,0
284,171368602,30.83108790000,-93.36868440000,2016-01-11 05:30:00,2016-01-10 23:30:00,1/10/2016,1,48,DERI,AHY,F,0,0
285,171368602,30.83106200000,-93.36889430000,2016-01-11 07:00:00,2016-01-11 01:00:00,1/11/2016,3,52,DERI,AHY,F,0,0
286,171368602,30.83136920000,-93.36903180000,2016-01-11 08:31:00,2016-01-11 02:31:00,1/11/2016,3,52,DERI,AHY,F,0,0
287,171368602,30.83107910000,-93.36866540000,2016-01-11 10:00:00,2016-01-11 04:00:00,1/11/2016,3,52,DERI,AHY,F,0,0
288,171368602,30.83105160000,-93.36859050000,2016-01-11 11:30:00,2016-01-11 05:30:00,1/11/2016,3,52,DERI,AHY,F,0,0
289,171368602,30.83103290000,-93.36865490000,2016-01-11 13:00:00,2016-01-11 07:00:00,1/11/2016,3,52,DERI,AHY,F,0,0
290,171368602,30.83112330000,-93.36875620000,2016-01-11 14:30:00,2016-01-11 08:30:00,1/11/2016,3,52,DERI,AHY,F,0,0
291,171368602,30.83097610000,-93.36857820000,2016-01-11 16:00:00,2016-01-11 10:00:00,1/11/2016,3,52,DERI,AHY,F,0,0
292,171368602,30.83112910000,-93.36909690000,2016-01-11 17:31:00,2016-01-11 11:31:00,1/11/2016,3,52,DERI,AHY,F,0,0
293,171368602,30.83115880000,-93.36897530000,2016-01-11 19:00:00,2016-01-11 13:00:00,1/11/2016,3,52,DERI,AHY,F,0,0
294,171368602,30.83107530000,-93.36897780000,2016-01-11 20:30:00,2016-01-11 14:30:00,1/11/2016,3,52,DERI,AHY,F,0,0
297,171368602,30.83121980000,-93.36908640000,2016-01-12 01:00:00,2016-01-11 19:00:00,1/11/2016,3,52,DERI,AHY,F,0,0
298,171368602,30.83100610000,-93.36865740000,2016-01-12 02:30:00,2016-01-11 20:30:00,1/11/2016,3,52,DERI,AHY,F,0,0
299,171368602,30.83122380000,-93.36905880000,2016-01-12 04:00:00,2016-01-11 22:00:00,1/11/2016,3,52,DERI,AHY,F,0,0
300,171368602,30.83048050000,-93.36739730000,2016-01-12 05:30:00,2016-01-11 23:30:00,1/11/2016,3,52,DERI,AHY,F,0,0
301,171368602,30.83120160000,-93.36923560000,2016-01-12 07:00:00,2016-01-12 01:00:00,1/12/2016,8,61,DERI,AHY,F,0,0
302,171368602,30.83117530000,-93.36907840000,2016-01-12 08:31:00,2016-01-12 02:31:00,1/12/2016,8,61,DERI,AHY,F,0,0
303,171368602,30.83119810000,-93.36909190000,2016-01-12 10:00:00,2016-01-12 04:00:00,1/12/2016,8,61,DERI,AHY,F,0,0
304,171368602,30.83131140000,-93.36919510000,2016-01-12 11:30:00,2016-01-12 05:30:00,1/12/2016,8,61,DERI,AHY,F,0,0
306,171368602,30.83100430000,-93.36920790000,2016-01-12 14:30:00,2016-01-12 08:30:00,1/12/2016,8,61,DERI,AHY,F,0,0
307,171368602,30.83110600000,-93.36940500000,2016-01-12 16:00:00,2016-01-12 10:00:00,1/12/2016,8,61,DERI,AHY,F,0,0
308,171368602,30.83104070000,-93.36929880000,2016-01-12 17:30:00,2016-01-12 11:30:00,1/12/2016,8,61,DERI,AHY,F,0,0
309,171368602,30.83119540000,-93.36924110000,2016-01-12 19:00:00,2016-01-12 13:00:00,1/12/2016,8,61,DERI,AHY,F,0,0
310,171368602,30.83101710000,-93.36931660000,2016-01-12 20:31:00,2016-01-12 14:31:00,1/12/2016,8,61,DERI,AHY,F,0,0
311,171368602,30.83071080000,-93.36962960000,2016-01-12 22:00:00,2016-01-12 16:00:00,1/12/2016,8,61,DERI,AHY,F,0,0
313,171368602,30.82241850000,-93.36476060000,2016-01-13 01:00:00,2016-01-12 19:00:00,1/12/2016,8,61,DERI,AHY,F,0,1
314,171368602,30.82241460000,-93.36473610000,2016-01-13 02:30:00,2016-01-12 20:30:00,1/12/2016,8,61,DERI,AHY,F,0,1
315,171368602,30.82237250000,-93.36473550000,2016-01-13 04:00:00,2016-01-12 22:00:00,1/12/2016,8,61,DERI,AHY,F,0,1
316,171368602,30.82245390000,-93.36465880000,2016-01-13 05:30:00,2016-01-12 23:30:00,1/12/2016,8,61,DERI,AHY,F,0,1
317,171368602,30.82236330000,-93.36473430000,2016-01-13 07:00:00,2016-01-13 01:00:00,1/13/2016,15,63,DERI,AHY,F,0,1
318,171368602,30.82239280000,-93.36473300000,2016-01-13 08:30:00,2016-01-13 02:30:00,1/13/2016,15,63,DERI,AHY,F,0,1
319,171368602,30.82230020000,-93.36473120000,2016-01-13 10:00:00,2016-01-13 04:00:00,1/13/2016,15,63,DERI,AHY,F,0,1
320,171368602,30.82238870000,-93.36476060000,2016-01-13 11:30:00,2016-01-13 05:30:00,1/13/2016,15,63,DERI,AHY,F,0,1
321,171368602,30.83113970000,-93.36904590000,2016-01-13 13:01:00,2016-01-13 07:01:00,1/13/2016,15,63,DERI,AHY,F,0,0
322,171368602,30.83114220000,-93.36926750000,2016-01-13 14:30:00,2016-01-13 08:30:00,1/13/2016,15,63,DERI,AHY,F,0,0
324,171368602,30.83113090000,-93.36928590000,2016-01-13 17:30:00,2016-01-13 11:30:00,1/13/2016,15,63,DERI,AHY,F,0,0
325,171368602,30.83115830000,-93.36919010000,2016-01-13 19:00:00,2016-01-13 13:00:00,1/13/2016,15,63,DERI,AHY,F,0,0
327,171368602,30.83127360000,-93.36835170000,2016-01-13 22:00:00,2016-01-13 16:00:00,1/13/2016,15,63,DERI,AHY,F,0,0
328,171368602,30.83100590000,-93.36914530000,2016-01-13 23:30:00,2016-01-13 17:30:00,1/13/2016,15,63,DERI,AHY,F,0,0
329,171368602,30.83123490000,-93.36926630000,2016-01-14 01:00:00,2016-01-13 19:00:00,1/13/2016,15,63,DERI,AHY,F,0,0
330,171368602,30.83115840000,-93.36940560000,2016-01-14 02:30:00,2016-01-13 20:30:00,1/13/2016,15,63,DERI,AHY,F,0,0
331,171368602,30.83114270000,-93.36931470000,2016-01-14 04:00:00,2016-01-13 22:00:00,1/13/2016,15,63,DERI,AHY,F,0,0
332,171368602,30.83060960000,-93.36948540000,2016-01-14 05:30:00,2016-01-13 23:30:00,1/13/2016,15,63,DERI,AHY,F,0,0
333,171368602,30.83117860000,-93.36923680000,2016-01-14 07:00:00,2016-01-14 01:00:00,1/14/2016,24,60,DERI,AHY,F,0,0
334,171368602,30.83118810000,-93.36928840000,2016-01-14 08:30:00,2016-01-14 02:30:00,1/14/2016,24,60,DERI,AHY,F,0,0
335,171368602,30.83133680000,-93.36909990000,2016-01-14 10:00:00,2016-01-14 04:00:00,1/14/2016,24,60,DERI,AHY,F,0,0
336,171368602,30.83121420000,-93.36907110000,2016-01-14 11:30:00,2016-01-14 05:30:00,1/14/2016,24,60,DERI,AHY,F,0,0
337,171368602,30.83125470000,-93.36926870000,2016-01-14 13:01:00,2016-01-14 07:01:00,1/14/2016,24,60,DERI,AHY,F,0,0
338,171368602,30.83119040000,-93.36925830000,2016-01-14 14:30:00,2016-01-14 08:30:00,1/14/2016,24,60,DERI,AHY,F,0,0
339,171368602,30.83103260000,-93.36960020000,2016-01-14 16:00:00,2016-01-14 10:00:00,1/14/2016,24,60,DERI,AHY,F,0,0
340,171368602,30.83105300000,-93.36936750000,2016-01-14 17:30:00,2016-01-14 11:30:00,1/14/2016,24,60,DERI,AHY,F,0,0
341,171368602,30.83089480000,-93.36921350000,2016-01-14 19:00:00,2016-01-14 13:00:00,1/14/2016,24,60,DERI,AHY,F,0,0
342,171368602,30.83098650000,-93.36929880000,2016-01-14 20:30:00,2016-01-14 14:30:00,1/14/2016,24,60,DERI,AHY,F,0,0
343,171368602,30.83094160000,-93.36930860000,2016-01-14 22:01:00,2016-01-14 16:01:00,1/14/2016,24,60,DERI,AHY,F,0,0
344,171368602,30.83088830000,-93.36922510000,2016-01-14 23:30:00,2016-01-14 17:30:00,1/14/2016,24,60,DERI,AHY,F,0,0
345,171368602,30.82237510000,-93.36514480000,2016-01-15 01:00:00,2016-01-14 19:00:00,1/14/2016,24,60,DERI,AHY,F,0,1
346,171368602,30.82218600000,-93.36482450000,2016-01-15 02:30:00,2016-01-14 20:30:00,1/14/2016,24,60,DERI,AHY,F,0,1
347,171368602,30.82221260000,-93.36475270000,2016-01-15 04:00:00,2016-01-14 22:00:00,1/14/2016,24,60,DERI,AHY,F,0,1
348,171368602,30.82187890000,-93.36476920000,2016-01-15 05:30:00,2016-01-14 23:30:00,1/14/2016,24,60,DERI,AHY,F,0,1
349,171368602,30.82213140000,-93.36466860000,2016-01-15 07:00:00,2016-01-15 01:00:00,1/15/2016,34,72,DERI,AHY,F,0,1
350,171368602,30.82203720000,-93.36481890000,2016-01-15 08:30:00,2016-01-15 02:30:00,1/15/2016,34,72,DERI,AHY,F,0,1
351,171368602,30.82317150000,-93.36500430000,2016-01-15 10:00:00,2016-01-15 04:00:00,1/15/2016,34,72,DERI,AHY,F,0,1
352,171368602,30.82218070000,-93.36479130000,2016-01-15 11:30:00,2016-01-15 05:30:00,1/15/2016,34,72,DERI,AHY,F,0,1
353,171368602,30.83111930000,-93.36914410000,2016-01-15 13:00:00,2016-01-15 07:00:00,1/15/2016,34,72,DERI,AHY,F,0,0
354,171368602,30.83106000000,-93.36937550000,2016-01-15 14:30:00,2016-01-15 08:30:00,1/15/2016,34,72,DERI,AHY,F,0,0
355,171368602,30.83041430000,-93.36766240000,2016-01-15 16:00:00,2016-01-15 10:00:00,1/15/2016,34,72,DERI,AHY,F,0,0
356,171368602,30.83133000000,-93.36925520000,2016-01-15 17:31:00,2016-01-15 11:31:00,1/15/2016,34,72,DERI,AHY,F,0,0
357,171368602,30.83122460000,-93.36930250000,2016-01-15 19:00:00,2016-01-15 13:00:00,1/15/2016,34,72,DERI,AHY,F,0,0
358,171368602,30.83090750000,-93.37082710000,2016-01-15 20:30:00,2016-01-15 14:30:00,1/15/2016,34,72,DERI,AHY,F,0,1
359,171368602,30.83118330000,-93.36939210000,2016-01-15 22:01:00,2016-01-15 16:01:00,1/15/2016,34,72,DERI,AHY,F,0,0
360,171368602,30.83031620000,-93.36826450000,2016-01-15 23:30:00,2016-01-15 17:30:00,1/15/2016,34,72,DERI,AHY,F,0,0
361,171368602,30.83039170000,-93.37008560000,2016-01-16 01:00:00,2016-01-15 19:00:00,1/15/2016,34,72,DERI,AHY,F,0,0
362,171368602,30.83036570000,-93.37020160000,2016-01-16 02:30:00,2016-01-15 20:30:00,1/15/2016,34,72,DERI,AHY,F,0,1
363,171368602,30.82057200000,-93.36370080000,2016-01-16 04:00:00,2016-01-15 22:00:00,1/15/2016,34,72,DERI,AHY,F,0,1
364,171368602,30.82061010000,-93.36371740000,2016-01-16 05:30:00,2016-01-15 23:30:00,1/15/2016,34,72,DERI,AHY,F,0,1
365,171368602,30.82081400000,-93.36448570000,2016-01-16 07:00:00,2016-01-16 01:00:00,1/16/2016,45,59,DERI,AHY,F,0,1
366,171368602,30.82065750000,-93.36373950000,2016-01-16 08:30:00,2016-01-16 02:30:00,1/16/2016,45,59,DERI,AHY,F,0,1
367,171368602,30.82062190000,-93.36373450000,2016-01-16 10:00:00,2016-01-16 04:00:00,1/16/2016,45,59,DERI,AHY,F,0,1
368,171368602,30.82059670000,-93.36369770000,2016-01-16 11:30:00,2016-01-16 05:30:00,1/16/2016,45,59,DERI,AHY,F,0,1
369,171368602,30.83103580000,-93.36911470000,2016-01-16 13:01:00,2016-01-16 07:01:00,1/16/2016,45,59,DERI,AHY,F,0,0
370,171368602,30.83098050000,-93.36886120000,2016-01-16 14:31:00,2016-01-16 08:31:00,1/16/2016,45,59,DERI,AHY,F,0,0
371,171368602,30.83111320000,-93.36883110000,2016-01-16 16:00:00,2016-01-16 10:00:00,1/16/2016,45,59,DERI,AHY,F,0,0
372,171368602,30.83117550000,-93.36876420000,2016-01-16 17:30:00,2016-01-16 11:30:00,1/16/2016,45,59,DERI,AHY,F,0,0
373,171368602,30.83123450000,-93.36864450000,2016-01-16 19:00:00,2016-01-16 13:00:00,1/16/2016,45,59,DERI,AHY,F,0,0
376,171368602,30.83140600000,-93.36974440000,2016-01-16 23:30:00,2016-01-16 17:30:00,1/16/2016,45,59,DERI,AHY,F,0,0
377,171368602,30.83106200000,-93.36867150000,2016-01-17 01:00:00,2016-01-16 19:00:00,1/16/2016,45,59,DERI,AHY,F,0,0
378,171368602,30.83109880000,-93.36862300000,2016-01-17 02:30:00,2016-01-16 20:30:00,1/16/2016,45,59,DERI,AHY,F,0,0
379,171368602,30.83077640000,-93.36867330000,2016-01-17 04:00:00,2016-01-16 22:00:00,1/16/2016,45,59,DERI,AHY,F,0,0
380,171368602,30.83104790000,-93.36860340000,2016-01-17 05:30:00,2016-01-16 23:30:00,1/16/2016,45,59,DERI,AHY,F,0,0
381,171368602,30.83115010000,-93.36887650000,2016-01-17 07:00:00,2016-01-17 01:00:00,1/17/2016,57,55,DERI,AHY,F,0,0
382,171368602,30.83116620000,-93.36871380000,2016-01-17 08:30:00,2016-01-17 02:30:00,1/17/2016,57,55,DERI,AHY,F,0,0
383,171368602,30.83106830000,-93.36871510000,2016-01-17 10:00:00,2016-01-17 04:00:00,1/17/2016,57,55,DERI,AHY,F,0,0
384,171368602,30.83108570000,-93.36870280000,2016-01-17 11:30:00,2016-01-17 05:30:00,1/17/2016,57,55,DERI,AHY,F,0,0
385,171368602,30.83060070000,-93.37016110000,2016-01-17 13:00:00,2016-01-17 07:00:00,1/17/2016,57,55,DERI,AHY,F,0,1
386,171368602,30.82974860000,-93.36999050000,2016-01-17 14:31:00,2016-01-17 08:31:00,1/17/2016,57,55,DERI,AHY,F,0,0
387,171368602,30.83033130000,-93.37004630000,2016-01-17 16:00:00,2016-01-17 10:00:00,1/17/2016,57,55,DERI,AHY,F,0,0
388,171368602,30.83050170000,-93.36996960000,2016-01-17 17:30:00,2016-01-17 11:30:00,1/17/2016,57,55,DERI,AHY,F,0,0
389,171368602,30.83049780000,-93.36994940000,2016-01-17 19:00:00,2016-01-17 13:00:00,1/17/2016,57,55,DERI,AHY,F,0,0
390,171368602,30.83051840000,-93.36998560000,2016-01-17 20:30:00,2016-01-17 14:30:00,1/17/2016,57,55,DERI,AHY,F,0,0
391,171368602,30.83045200000,-93.36896180000,2016-01-17 22:00:00,2016-01-17 16:00:00,1/17/2016,57,55,DERI,AHY,F,0,0
392,171368602,30.83054740000,-93.36988370000,2016-01-17 23:30:00,2016-01-17 17:30:00,1/17/2016,57,55,DERI,AHY,F,0,0
393,171368602,30.83075920000,-93.36994570000,2016-01-18 01:00:00,2016-01-17 19:00:00,1/17/2016,57,55,DERI,AHY,F,0,0
394,171368602,30.83059740000,-93.36991440000,2016-01-18 02:30:00,2016-01-17 20:30:00,1/17/2016,57,55,DERI,AHY,F,0,0
395,171368602,30.83065690000,-93.36988680000,2016-01-18 04:00:00,2016-01-17 22:00:00,1/17/2016,57,55,DERI,AHY,F,0,0
396,171368602,30.83058670000,-93.36985420000,2016-01-18 05:30:00,2016-01-17 23:30:00,1/17/2016,57,55,DERI,AHY,F,0,0
397,171368602,30.83044260000,-93.36987820000,2016-01-18 07:00:00,2016-01-18 01:00:00,1/18/2016,68,59,DERI,AHY,F,0,0
398,171368602,30.83049320000,-93.36983150000,2016-01-18 08:30:00,2016-01-18 02:30:00,1/18/2016,68,59,DERI,AHY,F,0,0
399,171368602,30.83056350000,-93.36991620000,2016-01-18 10:00:00,2016-01-18 04:00:00,1/18/2016,68,59,DERI,AHY,F,0,0
400,171368602,30.83057310000,-93.36991130000,2016-01-18 11:30:00,2016-01-18 05:30:00,1/18/2016,68,59,DERI,AHY,F,0,0
401,171368602,30.83061200000,-93.36989660000,2016-01-18 13:00:00,2016-01-18 07:00:00,1/18/2016,68,59,DERI,AHY,F,0,0
404,171368602,30.83051170000,-93.36993960000,2016-01-18 17:30:00,2016-01-18 11:30:00,1/18/2016,68,59,DERI,AHY,F,0,0
405,171368602,30.82995770000,-93.37030590000,2016-01-18 19:00:00,2016-01-18 13:00:00,1/18/2016,68,59,DERI,AHY,F,0,1
406,171368602,30.83054560000,-93.36978730000,2016-01-18 20:30:00,2016-01-18 14:30:00,1/18/2016,68,59,DERI,AHY,F,0,0
407,171368602,30.83070400000,-93.36982970000,2016-01-18 22:00:00,2016-01-18 16:00:00,1/18/2016,68,59,DERI,AHY,F,0,0
408,171368602,30.83033280000,-93.36973640000,2016-01-18 23:30:00,2016-01-18 17:30:00,1/18/2016,68,59,DERI,AHY,F,0,0
409,171368602,30.82120980000,-93.36378730000,2016-01-19 01:00:00,2016-01-18 19:00:00,1/18/2016,68,59,DERI,AHY,F,0,1
410,171368602,30.82090960000,-93.36335280000,2016-01-19 02:30:00,2016-01-18 20:30:00,1/18/2016,68,59,DERI,AHY,F,0,1
411,171368602,30.82100050000,-93.36340560000,2016-01-19 04:00:00,2016-01-18 22:00:00,1/18/2016,68,59,DERI,AHY,F,0,1
412,171368602,30.82085050000,-93.36375170000,2016-01-19 05:30:00,2016-01-18 23:30:00,1/18/2016,68,59,DERI,AHY,F,0,1
413,171368602,30.82104790000,-93.36366210000,2016-01-19 07:00:00,2016-01-19 01:00:00,1/19/2016,78,65,DERI,AHY,F,0,1
414,171368602,30.82097850000,-93.36318280000,2016-01-19 08:30:00,2016-01-19 02:30:00,1/19/2016,78,65,DERI,AHY,F,0,1
415,171368602,30.82085140000,-93.36308950000,2016-01-19 10:00:00,2016-01-19 04:00:00,1/19/2016,78,65,DERI,AHY,F,0,1
416,171368602,30.82097300000,-93.36314840000,2016-01-19 11:30:00,2016-01-19 05:30:00,1/19/2016,78,65,DERI,AHY,F,0,1
417,171368602,30.83064930000,-93.36994450000,2016-01-19 13:00:00,2016-01-19 07:00:00,1/19/2016,78,65,DERI,AHY,F,0,0
418,171368602,30.83035140000,-93.36997450000,2016-01-19 14:30:00,2016-01-19 08:30:00,1/19/2016,78,65,DERI,AHY,F,0,0
419,171368602,30.83040490000,-93.36952100000,2016-01-19 16:00:00,2016-01-19 10:00:00,1/19/2016,78,65,DERI,AHY,F,0,0
420,171368602,30.83066430000,-93.36989290000,2016-01-19 17:30:00,2016-01-19 11:30:00,1/19/2016,78,65,DERI,AHY,F,0,0
421,171368602,30.83087470000,-93.36955290000,2016-01-19 19:00:00,2016-01-19 13:00:00,1/19/2016,78,65,DERI,AHY,F,0,0
422,171368602,30.83044570000,-93.36993400000,2016-01-19 20:30:00,2016-01-19 14:30:00,1/19/2016,78,65,DERI,AHY,F,0,0
423,171368602,30.83043110000,-93.37001260000,2016-01-19 22:00:00,2016-01-19 16:00:00,1/19/2016,78,65,DERI,AHY,F,0,0
425,171368602,30.83042130000,-93.36989480000,2016-01-20 01:00:00,2016-01-19 19:00:00,1/19/2016,78,65,DERI,AHY,F,0,0
426,171368602,30.83067980000,-93.36990890000,2016-01-20 02:30:00,2016-01-19 20:30:00,1/19/2016,78,65,DERI,AHY,F,0,0
427,171368602,30.83066870000,-93.36980270000,2016-01-20 04:00:00,2016-01-19 22:00:00,1/19/2016,78,65,DERI,AHY,F,0,0
428,171368602,30.83076110000,-93.36988430000,2016-01-20 05:30:00,2016-01-19 23:30:00,1/19/2016,78,65,DERI,AHY,F,0,0
429,171368602,30.83061070000,-93.36995300000,2016-01-20 07:00:00,2016-01-20 01:00:00,1/20/2016,86,71,DERI,AHY,F,0,0
430,171368602,30.83065930000,-93.37009980000,2016-01-20 08:30:00,2016-01-20 02:30:00,1/20/2016,86,71,DERI,AHY,F,0,0
431,171368602,30.83056730000,-93.36996410000,2016-01-20 10:00:00,2016-01-20 04:00:00,1/20/2016,86,71,DERI,AHY,F,0,0
432,171368602,30.83071940000,-93.37027840000,2016-01-20 11:30:00,2016-01-20 05:30:00,1/20/2016,86,71,DERI,AHY,F,0,1
436,171368602,30.83158080000,-93.36613900000,2016-01-20 17:31:00,2016-01-20 11:31:00,1/20/2016,86,71,DERI,AHY,F,0,0
437,171368602,30.83191770000,-93.36627650000,2016-01-20 19:01:00,2016-01-20 13:01:00,1/20/2016,86,71,DERI,AHY,F,0,0
438,171368602,30.83132350000,-93.36631340000,2016-01-20 20:31:00,2016-01-20 14:31:00,1/20/2016,86,71,DERI,AHY,F,0,0
440,171368602,30.83239030000,-93.36791600000,2016-01-20 23:31:00,2016-01-20 17:31:00,1/20/2016,86,71,DERI,AHY,F,0,0
441,171368602,30.83089760000,-93.36868070000,2016-01-21 01:00:00,2016-01-20 19:00:00,1/20/2016,86,71,DERI,AHY,F,0,0
442,171368602,30.83093520000,-93.36880780000,2016-01-21 02:30:00,2016-01-20 20:30:00,1/20/2016,86,71,DERI,AHY,F,0,0
443,171368602,30.83101450000,-93.36864510000,2016-01-21 04:00:00,2016-01-20 22:00:00,1/20/2016,86,71,DERI,AHY,F,0,0
444,171368602,30.83097660000,-93.36868620000,2016-01-21 05:30:00,2016-01-20 23:30:00,1/20/2016,86,71,DERI,AHY,F,0,0
445,171368602,30.83099760000,-93.36891580000,2016-01-21 07:00:00,2016-01-21 01:00:00,1/21/2016,93,73,DERI,AHY,F,0.6,0
446,171368602,30.83091540000,-93.36876790000,2016-01-21 08:30:00,2016-01-21 02:30:00,1/21/2016,93,73,DERI,AHY,F,0.6,0
447,171368602,30.83093880000,-93.36897590000,2016-01-21 10:00:00,2016-01-21 04:00:00,1/21/2016,93,73,DERI,AHY,F,0.6,0
448,171368602,30.83095740000,-93.36880900000,2016-01-21 11:30:00,2016-01-21 05:30:00,1/21/2016,93,73,DERI,AHY,F,0.6,0
450,171368602,30.83104520000,-93.36923010000,2016-01-21 14:31:00,2016-01-21 08:31:00,1/21/2016,93,73,DERI,AHY,F,0.6,0
451,171368602,30.83076110000,-93.36944000000,2016-01-21 16:01:00,2016-01-21 10:01:00,1/21/2016,93,73,DERI,AHY,F,0.6,0
452,171368602,30.83096890000,-93.36938660000,2016-01-21 17:31:00,2016-01-21 11:31:00,1/21/2016,93,73,DERI,AHY,F,0.6,0
453,171368602,30.83095290000,-93.36951730000,2016-01-21 19:00:00,2016-01-21 13:00:00,1/21/2016,93,73,DERI,AHY,F,0.6,0
454,171368602,30.83140850000,-93.36878080000,2016-01-21 20:30:00,2016-01-21 14:30:00,1/21/2016,93,73,DERI,AHY,F,0.6,0
455,171368602,30.83090940000,-93.36923620000,2016-01-21 22:00:00,2016-01-21 16:00:00,1/21/2016,93,73,DERI,AHY,F,0.6,0
456,171368602,30.83102910000,-93.36900790000,2016-01-21 23:30:00,2016-01-21 17:30:00,1/21/2016,93,73,DERI,AHY,F,0.6,0
457,171368602,30.83073740000,-93.37001500000,2016-01-22 01:00:00,2016-01-21 19:00:00,1/21/2016,93,73,DERI,AHY,F,0.6,0
458,171368602,30.83111980000,-93.36969350000,2016-01-22 02:31:00,2016-01-21 20:31:00,1/21/2016,93,73,DERI,AHY,F,0.6,0
459,171368602,30.83089320000,-93.36997640000,2016-01-22 04:00:00,2016-01-21 22:00:00,1/21/2016,93,73,DERI,AHY,F,0.6,0
460,171368602,30.83077870000,-93.36991810000,2016-01-22 05:30:00,2016-01-21 23:30:00,1/21/2016,93,73,DERI,AHY,F,0.6,0
461,171368602,30.83072040000,-93.36928160000,2016-01-22 07:01:00,2016-01-22 01:01:00,1/22/2016,98,45,DERI,AHY,F,0,0
462,171368602,30.83062490000,-93.36991690000,2016-01-22 08:30:00,2016-01-22 02:30:00,1/22/2016,98,45,DERI,AHY,F,0,0
463,171368602,30.83093260000,-93.37080330000,2016-01-22 10:00:00,2016-01-22 04:00:00,1/22/2016,98,45,DERI,AHY,F,0,1
464,171368602,30.83075840000,-93.37010590000,2016-01-22 11:30:00,2016-01-22 05:30:00,1/22/2016,98,45,DERI,AHY,F,0,0
465,171368602,30.83053720000,-93.36997760000,2016-01-22 13:00:00,2016-01-22 07:00:00,1/22/2016,98,45,DERI,AHY,F,0,0
467,171368602,30.83060620000,-93.36988430000,2016-01-22 16:00:00,2016-01-22 10:00:00,1/22/2016,98,45,DERI,AHY,F,0,0
468,171368602,30.83021150000,-93.36908080000,2016-01-22 17:30:00,2016-01-22 11:30:00,1/22/2016,98,45,DERI,AHY,F,0,0
469,171368602,30.83124040000,-93.36934120000,2016-01-22 19:01:00,2016-01-22 13:01:00,1/22/2016,98,45,DERI,AHY,F,0,0
470,171368602,30.82997180000,-93.36979960000,2016-01-22 20:31:00,2016-01-22 14:31:00,1/22/2016,98,45,DERI,AHY,F,0,0
471,171368602,30.83057940000,-93.36979280000,2016-01-22 22:00:00,2016-01-22 16:00:00,1/22/2016,98,45,DERI,AHY,F,0,0
472,171368602,30.83074550000,-93.37024770000,2016-01-22 23:30:00,2016-01-22 17:30:00,1/22/2016,98,45,DERI,AHY,F,0,1
473,171368602,30.83055640000,-93.36988370000,2016-01-23 01:00:00,2016-01-22 19:00:00,1/22/2016,98,45,DERI,AHY,F,0,0
474,171368602,30.83113680000,-93.36918090000,2016-01-23 02:30:00,2016-01-22 20:30:00,1/22/2016,98,45,DERI,AHY,F,0,0
475,171368602,30.83120460000,-93.36907600000,2016-01-23 04:00:00,2016-01-22 22:00:00,1/22/2016,98,45,DERI,AHY,F,0,0
476,171368602,30.83122710000,-93.36893790000,2016-01-23 05:30:00,2016-01-22 23:30:00,1/22/2016,98,45,DERI,AHY,F,0,0
477,171368602,30.83134800000,-93.36871690000,2016-01-23 07:01:00,2016-01-23 01:01:00,1/23/2016,100,52,DERI,AHY,F,0,0
478,171368602,30.83122400000,-93.36891820000,2016-01-23 08:30:00,2016-01-23 02:30:00,1/23/2016,100,52,DERI,AHY,F,0,0
479,171368602,30.83118460000,-93.36895080000,2016-01-23 10:00:00,2016-01-23 04:00:00,1/23/2016,100,52,DERI,AHY,F,0,0
480,171368602,30.83117440000,-93.36890720000,2016-01-23 11:30:00,2016-01-23 05:30:00,1/23/2016,100,52,DERI,AHY,F,0,0
481,171368602,30.83072300000,-93.37018020000,2016-01-23 13:00:00,2016-01-23 07:00:00,1/23/2016,100,52,DERI,AHY,F,0,1
483,171368602,30.83082090000,-93.36999670000,2016-01-23 16:00:00,2016-01-23 10:00:00,1/23/2016,100,52,DERI,AHY,F,0,0
484,171368602,30.83066220000,-93.36980270000,2016-01-23 17:30:00,2016-01-23 11:30:00,1/23/2016,100,52,DERI,AHY,F,0,0
485,171368602,30.83066010000,-93.36982970000,2016-01-23 19:00:00,2016-01-23 13:00:00,1/23/2016,100,52,DERI,AHY,F,0,0
486,171368602,30.83089650000,-93.36961670000,2016-01-23 20:30:00,2016-01-23 14:30:00,1/23/2016,100,52,DERI,AHY,F,0,0
487,171368602,30.83058210000,-93.36985490000,2016-01-23 22:00:00,2016-01-23 16:00:00,1/23/2016,100,52,DERI,AHY,F,0,0
488,171368602,30.83062400000,-93.37042140000,2016-01-23 23:30:00,2016-01-23 17:30:00,1/23/2016,100,52,DERI,AHY,F,0,1
489,171368602,30.83005310000,-93.37013530000,2016-01-24 01:00:00,2016-01-23 19:00:00,1/23/2016,100,52,DERI,AHY,F,0,1
490,171368602,30.83007630000,-93.37002550000,2016-01-24 02:30:00,2016-01-23 20:30:00,1/23/2016,100,52,DERI,AHY,F,0,1
491,171368602,30.83009800000,-93.37014150000,2016-01-24 04:00:00,2016-01-23 22:00:00,1/23/2016,100,52,DERI,AHY,F,0,1
492,171368602,30.83009890000,-93.37016360000,2016-01-24 05:30:00,2016-01-23 23:30:00,1/23/2016,100,52,DERI,AHY,F,0,1
493,171368602,30.83016320000,-93.37007700000,2016-01-24 07:00:00,2016-01-24 01:00:00,1/24/2016,100,59,DERI,AHY,F,0,1
494,171368602,30.82990180000,-93.37006470000,2016-01-24 08:30:00,2016-01-24 02:30:00,1/24/2016,100,59,DERI,AHY,F,0,1
495,171368602,30.83032790000,-93.37016300000,2016-01-24 10:00:00,2016-01-24 04:00:00,1/24/2016,100,59,DERI,AHY,F,0,1
496,171368602,30.83030420000,-93.37011140000,2016-01-24 11:30:00,2016-01-24 05:30:00,1/24/2016,100,59,DERI,AHY,F,0,1
497,171368602,30.83057330000,-93.36997330000,2016-01-24 13:00:00,2016-01-24 07:00:00,1/24/2016,100,59,DERI,AHY,F,0,0
498,171368602,30.83050060000,-93.36995490000,2016-01-24 14:30:00,2016-01-24 08:30:00,1/24/2016,100,59,DERI,AHY,F,0,0
499,171368602,30.83058610000,-93.36988370000,2016-01-24 16:00:00,2016-01-24 10:00:00,1/24/2016,100,59,DERI,AHY,F,0,0
500,171368602,30.83124910000,-93.36965410000,2016-01-24 17:30:00,2016-01-24 11:30:00,1/24/2016,100,59,DERI,AHY,F,0,0
501,171368602,30.83073850000,-93.36985180000,2016-01-24 19:00:00,2016-01-24 13:00:00,1/24/2016,100,59,DERI,AHY,F,0,0
502,171368602,30.83061300000,-93.36989110000,2016-01-24 20:30:00,2016-01-24 14:30:00,1/24/2016,100,59,DERI,AHY,F,0,0
503,171368602,30.83043750000,-93.36994750000,2016-01-24 22:00:00,2016-01-24 16:00:00,1/24/2016,100,59,DERI,AHY,F,0,0
504,171368602,30.83049440000,-93.36996040000,2016-01-24 23:30:00,2016-01-24 17:30:00,1/24/2016,100,59,DERI,AHY,F,0,0
505,171368602,30.83026550000,-93.37011570000,2016-01-25 01:00:00,2016-01-24 19:00:00,1/24/2016,100,59,DERI,AHY,F,0,1
506,171368602,30.83034930000,-93.37006230000,2016-01-25 02:30:00,2016-01-24 20:30:00,1/24/2016,100,59,DERI,AHY,F,0,0
507,171368602,30.83036960000,-93.37016110000,2016-01-25 04:00:00,2016-01-24 22:00:00,1/24/2016,100,59,DERI,AHY,F,0,1
508,171368602,30.83037640000,-93.37020410000,2016-01-25 05:30:00,2016-01-24 23:30:00,1/24/2016,100,59,DERI,AHY,F,0,1
509,171368602,30.83041350000,-93.36995120000,2016-01-25 07:01:00,2016-01-25 01:01:00,1/25/2016,98,71,DERI,AHY,F,0,0
510,171368602,30.83032490000,-93.37016790000,2016-01-25 08:30:00,2016-01-25 02:30:00,1/25/2016,98,71,DERI,AHY,F,0,1
511,171368602,30.83013440000,-93.37017150000,2016-01-25 10:00:00,2016-01-25 04:00:00,1/25/2016,98,71,DERI,AHY,F,0,1
512,171368602,30.83031850000,-93.37017650000,2016-01-25 11:30:00,2016-01-25 05:30:00,1/25/2016,98,71,DERI,AHY,F,0,1
513,171368602,30.83016560000,-93.37005120000,2016-01-25 13:00:00,2016-01-25 07:00:00,1/25/2016,98,71,DERI,AHY,F,0,1
514,171368602,30.83028560000,-93.37005130000,2016-01-25 14:31:00,2016-01-25 08:31:00,1/25/2016,98,71,DERI,AHY,F,0,0
515,171368602,30.83053000000,-93.36977870000,2016-01-25 16:00:00,2016-01-25 10:00:00,1/25/2016,98,71,DERI,AHY,F,0,0
516,171368602,30.83044580000,-93.36964310000,2016-01-25 17:30:00,2016-01-25 11:30:00,1/25/2016,98,71,DERI,AHY,F,0,0
517,171368602,30.83045440000,-93.36976650000,2016-01-25 19:00:00,2016-01-25 13:00:00,1/25/2016,98,71,DERI,AHY,F,0,0
518,171368602,30.83049660000,-93.36968300000,2016-01-25 20:30:00,2016-01-25 14:30:00,1/25/2016,98,71,DERI,AHY,F,0,0
519,171368602,30.83058220000,-93.36972600000,2016-01-25 22:00:00,2016-01-25 16:00:00,1/25/2016,98,71,DERI,AHY,F,0,0
520,171368602,30.83038270000,-93.36985850000,2016-01-25 23:30:00,2016-01-25 17:30:00,1/25/2016,98,71,DERI,AHY,F,0,0
521,171368602,30.83226560000,-93.37868300000,2016-01-26 01:01:00,2016-01-25 19:01:00,1/25/2016,98,71,DERI,AHY,F,0,1
522,171368602,30.83185610000,-93.38621170000,2016-01-26 02:30:00,2016-01-25 20:30:00,1/25/2016,98,71,DERI,AHY,F,0,1
523,171368602,30.83178350000,-93.38615700000,2016-01-26 04:00:00,2016-01-25 22:00:00,1/25/2016,98,71,DERI,AHY,F,0,1
524,171368602,30.84659870000,-93.28233000000,2016-01-26 05:30:00,2016-01-25 23:30:00,1/25/2016,98,71,DERI,AHY,F,0,0
525,171368602,30.24940510000,-93.01307750000,2016-01-26 07:00:00,2016-01-26 01:00:00,1/26/2016,95,62,DERI,AHY,F,0.92,0
526,171368602,30.44326160000,-91.34660870000,2016-01-26 08:30:00,2016-01-26 02:30:00,1/26/2016,95,62,DERI,AHY,F,0.92,0
531,171368606,30.83547070000,-93.38110550000,2016-01-08 06:58:00,2016-01-08 00:58:00,1/8/2016,3,61,DERI,AHY,M,2.13,1
532,171368606,30.83550670000,-93.38114910000,2016-01-08 08:30:00,2016-01-08 02:30:00,1/8/2016,3,61,DERI,AHY,M,2.13,1
533,171368606,30.83552130000,-93.38112700000,2016-01-08 10:00:00,2016-01-08 04:00:00,1/8/2016,3,61,DERI,AHY,M,2.13,1
534,171368606,30.83555770000,-93.38115280000,2016-01-08 11:30:00,2016-01-08 05:30:00,1/8/2016,3,61,DERI,AHY,M,2.13,1
535,171368606,30.82805330000,-93.36787970000,2016-01-08 13:00:00,2016-01-08 07:00:00,1/8/2016,3,61,DERI,AHY,M,2.13,0
536,171368606,30.82827170000,-93.36829770000,2016-01-08 14:30:00,2016-01-08 08:30:00,1/8/2016,3,61,DERI,AHY,M,2.13,0
537,171368606,30.82807630000,-93.36812460000,2016-01-08 16:00:00,2016-01-08 10:00:00,1/8/2016,3,61,DERI,AHY,M,2.13,0
538,171368606,30.82814040000,-93.36789500000,2016-01-08 17:30:00,2016-01-08 11:30:00,1/8/2016,3,61,DERI,AHY,M,2.13,0
539,171368606,30.82821780000,-93.36779810000,2016-01-08 19:00:00,2016-01-08 13:00:00,1/8/2016,3,61,DERI,AHY,M,2.13,0
540,171368606,30.82797650000,-93.36788340000,2016-01-08 20:30:00,2016-01-08 14:30:00,1/8/2016,3,61,DERI,AHY,M,2.13,0
541,171368606,30.82808780000,-93.36800610000,2016-01-08 22:00:00,2016-01-08 16:00:00,1/8/2016,3,61,DERI,AHY,M,2.13,0
542,171368606,30.82809340000,-93.36802150000,2016-01-08 23:30:00,2016-01-08 17:30:00,1/8/2016,3,61,DERI,AHY,M,2.13,0
543,171368606,30.82268400000,-93.36638030000,2016-01-09 01:00:00,2016-01-08 19:00:00,1/8/2016,3,61,DERI,AHY,M,2.13,1
544,171368606,30.82266470000,-93.36640910000,2016-01-09 02:30:00,2016-01-08 20:30:00,1/8/2016,3,61,DERI,AHY,M,2.13,1
545,171368606,30.82269960000,-93.36637720000,2016-01-09 04:00:00,2016-01-08 22:00:00,1/8/2016,3,61,DERI,AHY,M,2.13,1
546,171368606,30.82258280000,-93.36651100000,2016-01-09 05:30:00,2016-01-08 23:30:00,1/8/2016,3,61,DERI,AHY,M,2.13,1
547,171368606,30.82258320000,-93.36650910000,2016-01-09 07:00:00,2016-01-09 01:00:00,1/9/2016,1,63,DERI,AHY,M,0.01,1
548,171368606,30.82255780000,-93.36665340000,2016-01-09 08:30:00,2016-01-09 02:30:00,1/9/2016,1,63,DERI,AHY,M,0.01,1
549,171368606,30.82253450000,-93.36654350000,2016-01-09 10:00:00,2016-01-09 04:00:00,1/9/2016,1,63,DERI,AHY,M,0.01,1
550,171368606,30.82257030000,-93.36652940000,2016-01-09 11:30:00,2016-01-09 05:30:00,1/9/2016,1,63,DERI,AHY,M,0.01,1
552,171368606,30.82816810000,-93.36814910000,2016-01-09 14:31:00,2016-01-09 08:31:00,1/9/2016,1,63,DERI,AHY,M,0.01,0
553,171368606,30.82858120000,-93.36823140000,2016-01-09 16:00:00,2016-01-09 10:00:00,1/9/2016,1,63,DERI,AHY,M,0.01,0
554,171368606,30.82851110000,-93.36836640000,2016-01-09 17:31:00,2016-01-09 11:31:00,1/9/2016,1,63,DERI,AHY,M,0.01,0
555,171368606,30.82840670000,-93.36833880000,2016-01-09 19:00:00,2016-01-09 13:00:00,1/9/2016,1,63,DERI,AHY,M,0.01,0
556,171368606,30.82848540000,-93.36765750000,2016-01-09 20:30:00,2016-01-09 14:30:00,1/9/2016,1,63,DERI,AHY,M,0.01,0
558,171368606,30.82876270000,-93.36779930000,2016-01-09 23:31:00,2016-01-09 17:31:00,1/9/2016,1,63,DERI,AHY,M,0.01,0
559,171368606,30.82298750000,-93.37532660000,2016-01-10 01:00:00,2016-01-09 19:00:00,1/9/2016,1,63,DERI,AHY,M,0.01,1
560,171368606,30.82308300000,-93.37529040000,2016-01-10 02:30:00,2016-01-09 20:30:00,1/9/2016,1,63,DERI,AHY,M,0.01,1
561,171368606,30.82301270000,-93.37530700000,2016-01-10 04:00:00,2016-01-09 22:00:00,1/9/2016,1,63,DERI,AHY,M,0.01,1
562,171368606,30.82303050000,-93.37533760000,2016-01-10 05:30:00,2016-01-09 23:30:00,1/9/2016,1,63,DERI,AHY,M,0.01,1
563,171368606,30.82301660000,-93.37528240000,2016-01-10 07:00:00,2016-01-10 01:00:00,1/10/2016,1,48,DERI,AHY,M,0,1
564,171368606,30.82298840000,-93.37540520000,2016-01-10 08:30:00,2016-01-10 02:30:00,1/10/2016,1,48,DERI,AHY,M,0,1
565,171368606,30.82296900000,-93.37532410000,2016-01-10 10:00:00,2016-01-10 04:00:00,1/10/2016,1,48,DERI,AHY,M,0,1
566,171368606,30.82303350000,-93.37528360000,2016-01-10 11:30:00,2016-01-10 05:30:00,1/10/2016,1,48,DERI,AHY,M,0,1
567,171368606,30.82417110000,-93.36915680000,2016-01-10 13:00:00,2016-01-10 07:00:00,1/10/2016,1,48,DERI,AHY,M,0,0
568,171368606,30.82368170000,-93.36912670000,2016-01-10 14:30:00,2016-01-10 08:30:00,1/10/2016,1,48,DERI,AHY,M,0,0
569,171368606,30.82417030000,-93.36918810000,2016-01-10 16:00:00,2016-01-10 10:00:00,1/10/2016,1,48,DERI,AHY,M,0,0
570,171368606,30.82423450000,-93.36985400000,2016-01-10 17:30:00,2016-01-10 11:30:00,1/10/2016,1,48,DERI,AHY,M,0,0
571,171368606,30.82407750000,-93.36903470000,2016-01-10 19:00:00,2016-01-10 13:00:00,1/10/2016,1,48,DERI,AHY,M,0,0
572,171368606,30.82407040000,-93.36884010000,2016-01-10 20:30:00,2016-01-10 14:30:00,1/10/2016,1,48,DERI,AHY,M,0,0
573,171368606,30.82412680000,-93.36908930000,2016-01-10 22:00:00,2016-01-10 16:00:00,1/10/2016,1,48,DERI,AHY,M,0,0
574,171368606,30.82413510000,-93.36927400000,2016-01-10 23:31:00,2016-01-10 17:31:00,1/10/2016,1,48,DERI,AHY,M,0,0
575,171368606,30.82413230000,-93.36913100000,2016-01-11 01:00:00,2016-01-10 19:00:00,1/10/2016,1,48,DERI,AHY,M,0,0
576,171368606,30.82411350000,-93.36913900000,2016-01-11 02:30:00,2016-01-10 20:30:00,1/10/2016,1,48,DERI,AHY,M,0,0
577,171368606,30.82412390000,-93.36909110000,2016-01-11 04:00:00,2016-01-10 22:00:00,1/10/2016,1,48,DERI,AHY,M,0,0
578,171368606,30.82421120000,-93.36945510000,2016-01-11 05:30:00,2016-01-10 23:30:00,1/10/2016,1,48,DERI,AHY,M,0,0
579,171368606,30.82418930000,-93.36914080000,2016-01-11 07:00:00,2016-01-11 01:00:00,1/11/2016,3,52,DERI,AHY,M,0,0
580,171368606,30.82409340000,-93.36962750000,2016-01-11 08:30:00,2016-01-11 02:30:00,1/11/2016,3,52,DERI,AHY,M,0,0
581,171368606,30.82395340000,-93.36896530000,2016-01-11 10:00:00,2016-01-11 04:00:00,1/11/2016,3,52,DERI,AHY,M,0,0
582,171368606,30.82410960000,-93.36921570000,2016-01-11 11:30:00,2016-01-11 05:30:00,1/11/2016,3,52,DERI,AHY,M,0,0
583,171368606,30.82397670000,-93.36912610000,2016-01-11 13:00:00,2016-01-11 07:00:00,1/11/2016,3,52,DERI,AHY,M,0,0
584,171368606,30.82408570000,-93.36928880000,2016-01-11 14:30:00,2016-01-11 08:30:00,1/11/2016,3,52,DERI,AHY,M,0,0
585,171368606,30.82403380000,-93.36910830000,2016-01-11 16:00:00,2016-01-11 10:00:00,1/11/2016,3,52,DERI,AHY,M,0,0
586,171368606,30.82400910000,-93.36928940000,2016-01-11 17:30:00,2016-01-11 11:30:00,1/11/2016,3,52,DERI,AHY,M,0,0
587,171368606,30.82413420000,-93.36916790000,2016-01-11 19:00:00,2016-01-11 13:00:00,1/11/2016,3,52,DERI,AHY,M,0,0
588,171368606,30.82415310000,-93.36910770000,2016-01-11 20:30:00,2016-01-11 14:30:00,1/11/2016,3,52,DERI,AHY,M,0,0
589,171368606,30.82405710000,-93.36911260000,2016-01-11 22:00:00,2016-01-11 16:00:00,1/11/2016,3,52,DERI,AHY,M,0,0
590,171368606,30.82397260000,-93.36902050000,2016-01-11 23:30:00,2016-01-11 17:30:00,1/11/2016,3,52,DERI,AHY,M,0,0
591,171368606,30.83146100000,-93.38623920000,2016-01-12 01:00:00,2016-01-11 19:00:00,1/11/2016,3,52,DERI,AHY,M,0,1
592,171368606,30.83188050000,-93.38494290000,2016-01-12 02:30:00,2016-01-11 20:30:00,1/11/2016,3,52,DERI,AHY,M,0,1
593,171368610,30.83182610000,-93.38618890000,2016-01-26 00:02:00,2016-01-25 18:02:00,1/25/2016,98,71,DERI,HY,M,0,1
594,171368610,30.83181850000,-93.38623500000,2016-01-26 01:06:00,2016-01-25 19:06:00,1/25/2016,98,71,DERI,HY,M,0,1
595,171368610,30.83066130000,-93.38493040000,2016-01-26 02:07:00,2016-01-25 20:07:00,1/25/2016,98,71,DERI,HY,M,0,1
596,171368610,30.83188860000,-93.38179970000,2016-01-26 03:06:00,2016-01-25 21:06:00,1/25/2016,98,71,DERI,HY,M,0,1
597,171368610,30.83200440000,-93.38109270000,2016-01-26 04:06:00,2016-01-25 22:06:00,1/25/2016,98,71,DERI,HY,M,0,1
598,171368610,30.83199350000,-93.38109760000,2016-01-26 05:06:00,2016-01-25 23:06:00,1/25/2016,98,71,DERI,HY,M,0,1
599,171368610,30.83198070000,-93.38111050000,2016-01-26 06:06:00,2016-01-26 00:06:00,1/26/2016,95,62,DERI,HY,M,0.92,1
600,171368610,30.83199740000,-93.38118290000,2016-01-26 07:06:00,2016-01-26 01:06:00,1/26/2016,95,62,DERI,HY,M,0.92,1
601,171368610,30.83198550000,-93.38110810000,2016-01-26 08:06:00,2016-01-26 02:06:00,1/26/2016,95,62,DERI,HY,M,0.92,1
602,171368610,30.83196820000,-93.38112460000,2016-01-26 09:06:00,2016-01-26 03:06:00,1/26/2016,95,62,DERI,HY,M,0.92,1
603,171368610,30.83194490000,-93.38112460000,2016-01-26 10:06:00,2016-01-26 04:06:00,1/26/2016,95,62,DERI,HY,M,0.92,1
604,171368610,30.83199010000,-93.38110870000,2016-01-26 11:06:00,2016-01-26 05:06:00,1/26/2016,95,62,DERI,HY,M,0.92,1
605,171368610,30.83200370000,-93.38112100000,2016-01-26 12:06:00,2016-01-26 06:06:00,1/26/2016,95,62,DERI,HY,M,0.92,1
606,171368610,30.82274310000,-93.38129380000,2016-01-26 13:06:00,2016-01-26 07:06:00,1/26/2016,95,62,DERI,HY,M,0.92,0
607,171368610,30.82272680000,-93.38132510000,2016-01-26 14:06:00,2016-01-26 08:06:00,1/26/2016,95,62,DERI,HY,M,0.92,0
608,171368610,30.82269850000,-93.38120490000,2016-01-26 15:06:00,2016-01-26 09:06:00,1/26/2016,95,62,DERI,HY,M,0.92,0
609,171368610,30.82290970000,-93.38127350000,2016-01-26 16:06:00,2016-01-26 10:06:00,1/26/2016,95,62,DERI,HY,M,0.92,0
610,171368610,30.82270120000,-93.38136680000,2016-01-26 17:06:00,2016-01-26 11:06:00,1/26/2016,95,62,DERI,HY,M,0.92,0
611,171368610,30.82268900000,-93.38119250000,2016-01-26 18:06:00,2016-01-26 12:06:00,1/26/2016,95,62,DERI,HY,M,0.92,0
612,171368610,30.82385850000,-93.37919010000,2016-01-26 19:06:00,2016-01-26 13:06:00,1/26/2016,95,62,DERI,HY,M,0.92,0
613,171368610,30.82283640000,-93.38106630000,2016-01-26 20:06:00,2016-01-26 14:06:00,1/26/2016,95,62,DERI,HY,M,0.92,0
614,171368610,30.82327820000,-93.38080550000,2016-01-26 21:06:00,2016-01-26 15:06:00,1/26/2016,95,62,DERI,HY,M,0.92,0
615,171368610,30.82235700000,-93.38076730000,2016-01-26 22:06:00,2016-01-26 16:06:00,1/26/2016,95,62,DERI,HY,M,0.92,0
616,171368610,30.82244750000,-93.38108830000,2016-01-26 23:06:00,2016-01-26 17:06:00,1/26/2016,95,62,DERI,HY,M,0.92,0
617,171368610,30.82107440000,-93.38450510000,2016-01-27 00:06:00,2016-01-26 18:06:00,1/26/2016,95,62,DERI,HY,M,0.92,0
618,171368610,30.81900330000,-93.38829010000,2016-01-27 01:06:00,2016-01-26 19:06:00,1/26/2016,95,62,DERI,HY,M,0.92,0
619,171368610,30.81901040000,-93.38830670000,2016-01-27 02:06:00,2016-01-26 20:06:00,1/26/2016,95,62,DERI,HY,M,0.92,0
620,171368610,30.81903000000,-93.38832820000,2016-01-27 03:06:00,2016-01-26 21:06:00,1/26/2016,95,62,DERI,HY,M,0.92,0
621,171368610,30.81904900000,-93.38830980000,2016-01-27 04:06:00,2016-01-26 22:06:00,1/26/2016,95,62,DERI,HY,M,0.92,0
622,171368610,30.81891000000,-93.38829620000,2016-01-27 05:06:00,2016-01-26 23:06:00,1/26/2016,95,62,DERI,HY,M,0.92,0
623,171368610,30.81915720000,-93.38849080000,2016-01-27 06:06:00,2016-01-27 00:06:00,1/27/2016,89,51,DERI,HY,M,0,0
624,171368610,30.81897490000,-93.38835950000,2016-01-27 07:06:00,2016-01-27 01:06:00,1/27/2016,89,51,DERI,HY,M,0,0
625,171368610,30.81898140000,-93.38835510000,2016-01-27 08:06:00,2016-01-27 02:06:00,1/27/2016,89,51,DERI,HY,M,0,0
626,171368610,30.81902000000,-93.38835090000,2016-01-27 09:06:00,2016-01-27 03:06:00,1/27/2016,89,51,DERI,HY,M,0,0
627,171368610,30.81892980000,-93.38831890000,2016-01-27 10:06:00,2016-01-27 04:06:00,1/27/2016,89,51,DERI,HY,M,0,0
628,171368610,30.81891830000,-93.38833610000,2016-01-27 11:06:00,2016-01-27 05:06:00,1/27/2016,89,51,DERI,HY,M,0,0
629,171368610,30.81893180000,-93.38835570000,2016-01-27 12:06:00,2016-01-27 06:06:00,1/27/2016,89,51,DERI,HY,M,0,0
630,171368610,30.81765730000,-93.38142190000,2016-01-27 13:06:00,2016-01-27 07:06:00,1/27/2016,89,51,DERI,HY,M,0,0
631,171368610,30.81742770000,-93.38143910000,2016-01-27 14:07:00,2016-01-27 08:07:00,1/27/2016,89,51,DERI,HY,M,0,0
632,171368610,30.81724900000,-93.38135440000,2016-01-27 15:06:00,2016-01-27 09:06:00,1/27/2016,89,51,DERI,HY,M,0,0
633,171368610,30.81716030000,-93.38139600000,2016-01-27 16:06:00,2016-01-27 10:06:00,1/27/2016,89,51,DERI,HY,M,0,0
634,171368610,30.81721870000,-93.38147090000,2016-01-27 17:06:00,2016-01-27 11:06:00,1/27/2016,89,51,DERI,HY,M,0,0
635,171368610,30.81736640000,-93.38154400000,2016-01-27 18:06:00,2016-01-27 12:06:00,1/27/2016,89,51,DERI,HY,M,0,0
636,171368610,30.81728430000,-93.38143350000,2016-01-27 19:06:00,2016-01-27 13:06:00,1/27/2016,89,51,DERI,HY,M,0,0
637,171368610,30.81741460000,-93.38125860000,2016-01-27 20:06:00,2016-01-27 14:06:00,1/27/2016,89,51,DERI,HY,M,0,0
638,171368610,30.81718680000,-93.38140230000,2016-01-27 21:06:00,2016-01-27 15:06:00,1/27/2016,89,51,DERI,HY,M,0,0
639,171368610,30.81740570000,-93.38146670000,2016-01-27 22:06:00,2016-01-27 16:06:00,1/27/2016,89,51,DERI,HY,M,0,0
640,171368610,30.81727580000,-93.38133600000,2016-01-27 23:06:00,2016-01-27 17:06:00,1/27/2016,89,51,DERI,HY,M,0,0
642,171368610,30.83165880000,-93.38129340000,2016-01-28 01:06:00,2016-01-27 19:06:00,1/27/2016,89,51,DERI,HY,M,0,1
643,171368610,30.83167080000,-93.38152300000,2016-01-28 02:06:00,2016-01-27 20:06:00,1/27/2016,89,51,DERI,HY,M,0,1
644,171368610,30.83184120000,-93.38134070000,2016-01-28 03:06:00,2016-01-27 21:06:00,1/27/2016,89,51,DERI,HY,M,0,1
645,171368610,30.83169530000,-93.38131610000,2016-01-28 04:06:00,2016-01-27 22:06:00,1/27/2016,89,51,DERI,HY,M,0,1
646,171368610,30.83170020000,-93.38130630000,2016-01-28 05:06:00,2016-01-27 23:06:00,1/27/2016,89,51,DERI,HY,M,0,1
647,171368610,30.83158940000,-93.38122640000,2016-01-28 06:06:00,2016-01-28 00:06:00,1/28/2016,82,62,DERI,HY,M,0,1
648,171368610,30.83173000000,-93.38135110000,2016-01-28 07:06:00,2016-01-28 01:06:00,1/28/2016,82,62,DERI,HY,M,0,1
649,171368610,30.83163310000,-93.38142790000,2016-01-28 08:06:00,2016-01-28 02:06:00,1/28/2016,82,62,DERI,HY,M,0,1
650,171368610,30.83179980000,-93.38152170000,2016-01-28 09:06:00,2016-01-28 03:06:00,1/28/2016,82,62,DERI,HY,M,0,1
651,171368610,30.83180290000,-93.38152110000,2016-01-28 10:06:00,2016-01-28 04:06:00,1/28/2016,82,62,DERI,HY,M,0,1
652,171368610,30.83179370000,-93.38151990000,2016-01-28 11:06:00,2016-01-28 05:06:00,1/28/2016,82,62,DERI,HY,M,0,1
653,171368610,30.83173960000,-93.38151680000,2016-01-28 12:06:00,2016-01-28 06:06:00,1/28/2016,82,62,DERI,HY,M,0,1
654,171368610,30.81742380000,-93.38147530000,2016-01-28 13:06:00,2016-01-28 07:06:00,1/28/2016,82,62,DERI,HY,M,0,0
655,171368610,30.81733710000,-93.38148570000,2016-01-28 14:06:00,2016-01-28 08:06:00,1/28/2016,82,62,DERI,HY,M,0,0
656,171368610,30.81743600000,-93.38142990000,2016-01-28 15:06:00,2016-01-28 09:06:00,1/28/2016,82,62,DERI,HY,M,0,0
657,171368610,30.81729220000,-93.38153600000,2016-01-28 16:06:00,2016-01-28 10:06:00,1/28/2016,82,62,DERI,HY,M,0,0
658,171368610,30.81744140000,-93.38212110000,2016-01-28 17:06:00,2016-01-28 11:06:00,1/28/2016,82,62,DERI,HY,M,0,0
659,171368610,30.81682400000,-93.38054900000,2016-01-28 18:06:00,2016-01-28 12:06:00,1/28/2016,82,62,DERI,HY,M,0,0
660,171368610,30.81738730000,-93.38127460000,2016-01-28 19:06:00,2016-01-28 13:06:00,1/28/2016,82,62,DERI,HY,M,0,0
661,171368610,30.81725330000,-93.38065090000,2016-01-28 20:06:00,2016-01-28 14:06:00,1/28/2016,82,62,DERI,HY,M,0,0
662,171368610,30.81738850000,-93.38152070000,2016-01-28 21:06:00,2016-01-28 15:06:00,1/28/2016,82,62,DERI,HY,M,0,0
663,171368610,30.81711600000,-93.38138490000,2016-01-28 22:06:00,2016-01-28 16:06:00,1/28/2016,82,62,DERI,HY,M,0,0
664,171368610,30.81744590000,-93.38166750000,2016-01-28 23:06:00,2016-01-28 17:06:00,1/28/2016,82,62,DERI,HY,M,0,0
665,171368610,30.81737640000,-93.38143730000,2016-01-29 00:06:00,2016-01-28 18:06:00,1/28/2016,82,62,DERI,HY,M,0,0
666,171368611,30.83176100000,-93.38613310000,2016-01-26 00:06:00,2016-01-25 18:06:00,1/25/2016,98,71,DERI,AHY,F,0,1
667,171368611,30.83176880000,-93.38618220000,2016-01-26 01:06:00,2016-01-25 19:06:00,1/25/2016,98,71,DERI,AHY,F,0,1
668,171368611,30.83065860000,-93.38484090000,2016-01-26 02:06:00,2016-01-25 20:06:00,1/25/2016,98,71,DERI,AHY,F,0,1
669,171368611,30.83187800000,-93.38184640000,2016-01-26 03:06:00,2016-01-25 21:06:00,1/25/2016,98,71,DERI,AHY,F,0,1
670,171368611,30.82936640000,-93.38095300000,2016-01-26 04:06:00,2016-01-25 22:06:00,1/25/2016,98,71,DERI,AHY,F,0,1
671,171368611,30.82935020000,-93.38109840000,2016-01-26 05:06:00,2016-01-25 23:06:00,1/25/2016,98,71,DERI,AHY,F,0,1
672,171368611,30.82933590000,-93.38111010000,2016-01-26 06:06:00,2016-01-26 00:06:00,1/26/2016,95,62,DERI,AHY,F,0.92,1
673,171368611,30.82935670000,-93.38114330000,2016-01-26 07:06:00,2016-01-26 01:06:00,1/26/2016,95,62,DERI,AHY,F,0.92,1
674,171368611,30.82933210000,-93.38119540000,2016-01-26 08:06:00,2016-01-26 02:06:00,1/26/2016,95,62,DERI,AHY,F,0.92,1
675,171368611,30.82925010000,-93.38123970000,2016-01-26 09:06:00,2016-01-26 03:06:00,1/26/2016,95,62,DERI,AHY,F,0.92,1
676,171368611,30.82926710000,-93.38140730000,2016-01-26 10:06:00,2016-01-26 04:06:00,1/26/2016,95,62,DERI,AHY,F,0.92,1
677,171368611,30.82912650000,-93.38113220000,2016-01-26 11:06:00,2016-01-26 05:06:00,1/26/2016,95,62,DERI,AHY,F,0.92,1
678,171368611,30.82895250000,-93.38115790000,2016-01-26 12:06:00,2016-01-26 06:06:00,1/26/2016,95,62,DERI,AHY,F,0.92,1
679,171368611,30.81569580000,-93.38098280000,2016-01-26 13:06:00,2016-01-26 07:06:00,1/26/2016,95,62,DERI,AHY,F,0.92,0
680,171368611,30.81598080000,-93.38093980000,2016-01-26 14:06:00,2016-01-26 08:06:00,1/26/2016,95,62,DERI,AHY,F,0.92,0
681,171368611,30.81583460000,-93.38091540000,2016-01-26 15:07:00,2016-01-26 09:07:00,1/26/2016,95,62,DERI,AHY,F,0.92,0
682,171368611,30.81568180000,-93.38098410000,2016-01-26 16:06:00,2016-01-26 10:06:00,1/26/2016,95,62,DERI,AHY,F,0.92,0
683,171368611,30.81585250000,-93.38101110000,2016-01-26 17:06:00,2016-01-26 11:06:00,1/26/2016,95,62,DERI,AHY,F,0.92,0
684,171368611,30.81599530000,-93.38068470000,2016-01-26 18:06:00,2016-01-26 12:06:00,1/26/2016,95,62,DERI,AHY,F,0.92,0
685,171368611,30.81587730000,-93.38090680000,2016-01-26 19:06:00,2016-01-26 13:06:00,1/26/2016,95,62,DERI,AHY,F,0.92,0
686,171368611,30.81588230000,-93.38138130000,2016-01-26 20:06:00,2016-01-26 14:06:00,1/26/2016,95,62,DERI,AHY,F,0.92,0
687,171368611,30.81593180000,-93.38083990000,2016-01-26 21:06:00,2016-01-26 15:06:00,1/26/2016,95,62,DERI,AHY,F,0.92,0
688,171368611,30.81594940000,-93.38085770000,2016-01-26 22:06:00,2016-01-26 16:06:00,1/26/2016,95,62,DERI,AHY,F,0.92,0
689,171368611,30.81495340000,-93.38096130000,2016-01-26 23:06:00,2016-01-26 17:06:00,1/26/2016,95,62,DERI,AHY,F,0.92,0
690,171368611,30.81450200000,-93.38056750000,2016-01-27 00:06:00,2016-01-26 18:06:00,1/26/2016,95,62,DERI,AHY,F,0.92,0
691,171368611,30.81487920000,-93.38146820000,2016-01-27 01:06:00,2016-01-26 19:06:00,1/26/2016,95,62,DERI,AHY,F,0.92,1
692,171368611,30.81511860000,-93.38178000000,2016-01-27 02:06:00,2016-01-26 20:06:00,1/26/2016,95,62,DERI,AHY,F,0.92,1
693,171368611,30.81519930000,-93.38143510000,2016-01-27 03:06:00,2016-01-26 21:06:00,1/26/2016,95,62,DERI,AHY,F,0.92,1
694,171368611,30.81508170000,-93.38132090000,2016-01-27 04:06:00,2016-01-26 22:06:00,1/26/2016,95,62,DERI,AHY,F,0.92,1
695,171368611,30.81494360000,-93.38125710000,2016-01-27 05:06:00,2016-01-26 23:06:00,1/26/2016,95,62,DERI,AHY,F,0.92,0
696,171368611,30.81499600000,-93.38133010000,2016-01-27 06:06:00,2016-01-27 00:06:00,1/27/2016,89,51,DERI,AHY,F,0,1
697,171368611,30.81495090000,-93.38133870000,2016-01-27 07:06:00,2016-01-27 01:06:00,1/27/2016,89,51,DERI,AHY,F,0,1
698,171368611,30.81499410000,-93.38133670000,2016-01-27 08:06:00,2016-01-27 02:06:00,1/27/2016,89,51,DERI,AHY,F,0,1
699,171368611,30.81485170000,-93.38131830000,2016-01-27 09:06:00,2016-01-27 03:06:00,1/27/2016,89,51,DERI,AHY,F,0,1
700,171368611,30.81494840000,-93.38145580000,2016-01-27 10:06:00,2016-01-27 04:06:00,1/27/2016,89,51,DERI,AHY,F,0,1
701,171368611,30.81503410000,-93.38151730000,2016-01-27 11:06:00,2016-01-27 05:06:00,1/27/2016,89,51,DERI,AHY,F,0,1
702,171368611,30.81520910000,-93.38139220000,2016-01-27 12:06:00,2016-01-27 06:06:00,1/27/2016,89,51,DERI,AHY,F,0,1
703,171368611,30.81496760000,-93.38131710000,2016-01-27 13:06:00,2016-01-27 07:06:00,1/27/2016,89,51,DERI,AHY,F,0,1
704,171368611,30.81494910000,-93.38125390000,2016-01-27 14:06:00,2016-01-27 08:06:00,1/27/2016,89,51,DERI,AHY,F,0,0
705,171368611,30.81480710000,-93.38123370000,2016-01-27 15:06:00,2016-01-27 09:06:00,1/27/2016,89,51,DERI,AHY,F,0,0
706,171368611,30.81513810000,-93.38129820000,2016-01-27 16:06:00,2016-01-27 10:06:00,1/27/2016,89,51,DERI,AHY,F,0,1
707,171368611,30.81492530000,-93.38131970000,2016-01-27 17:06:00,2016-01-27 11:06:00,1/27/2016,89,51,DERI,AHY,F,0,1
708,171368611,30.81494120000,-93.38132940000,2016-01-27 18:06:00,2016-01-27 12:06:00,1/27/2016,89,51,DERI,AHY,F,0,1
709,171368611,30.81525390000,-93.38168350000,2016-01-27 19:06:00,2016-01-27 13:06:00,1/27/2016,89,51,DERI,AHY,F,0,1
710,171368611,30.81497190000,-93.38138470000,2016-01-27 20:06:00,2016-01-27 14:06:00,1/27/2016,89,51,DERI,AHY,F,0,1
711,171368611,30.81480280000,-93.37976470000,2016-01-27 21:06:00,2016-01-27 15:06:00,1/27/2016,89,51,DERI,AHY,F,0,0
712,171368611,30.81497160000,-93.38139510000,2016-01-27 22:06:00,2016-01-27 16:06:00,1/27/2016,89,51,DERI,AHY,F,0,1
713,171368611,30.81491660000,-93.38142640000,2016-01-27 23:06:00,2016-01-27 17:06:00,1/27/2016,89,51,DERI,AHY,F,0,1
714,171368611,30.81538530000,-93.38183280000,2016-01-28 00:06:00,2016-01-27 18:06:00,1/27/2016,89,51,DERI,AHY,F,0,1
715,171368611,30.81330540000,-93.37846220000,2016-01-28 01:06:00,2016-01-27 19:06:00,1/27/2016,89,51,DERI,AHY,F,0,1
716,171368611,30.81305240000,-93.37896410000,2016-01-28 02:06:00,2016-01-27 20:06:00,1/27/2016,89,51,DERI,AHY,F,0,1
717,171368611,30.81295300000,-93.37899170000,2016-01-28 03:06:00,2016-01-27 21:06:00,1/27/2016,89,51,DERI,AHY,F,0,1
718,171368611,30.81299770000,-93.37898930000,2016-01-28 04:06:00,2016-01-27 22:06:00,1/27/2016,89,51,DERI,AHY,F,0,1
719,171368611,30.81299620000,-93.37892730000,2016-01-28 05:06:00,2016-01-27 23:06:00,1/27/2016,89,51,DERI,AHY,F,0,1
720,171368611,30.81299810000,-93.37885430000,2016-01-28 06:06:00,2016-01-28 00:06:00,1/28/2016,82,62,DERI,AHY,F,0,1
721,171368611,30.81293000000,-93.37868180000,2016-01-28 07:06:00,2016-01-28 01:06:00,1/28/2016,82,62,DERI,AHY,F,0,1
722,171368611,30.81290330000,-93.37851490000,2016-01-28 08:06:00,2016-01-28 02:06:00,1/28/2016,82,62,DERI,AHY,F,0,1
723,171368611,30.81292770000,-93.37871190000,2016-01-28 09:06:00,2016-01-28 03:06:00,1/28/2016,82,62,DERI,AHY,F,0,1
724,171368611,30.81342460000,-93.37965080000,2016-01-28 10:06:00,2016-01-28 04:06:00,1/28/2016,82,62,DERI,AHY,F,0,1
725,171368611,30.81339960000,-93.37965580000,2016-01-28 11:06:00,2016-01-28 05:06:00,1/28/2016,82,62,DERI,AHY,F,0,1
726,171368611,30.81351160000,-93.37975150000,2016-01-28 12:06:00,2016-01-28 06:06:00,1/28/2016,82,62,DERI,AHY,F,0,1
727,171368611,30.81503380000,-93.38131230000,2016-01-28 13:06:00,2016-01-28 07:06:00,1/28/2016,82,62,DERI,AHY,F,0,1
728,171368611,30.81527140000,-93.38107660000,2016-01-28 14:06:00,2016-01-28 08:06:00,1/28/2016,82,62,DERI,AHY,F,0,0
729,171368611,30.81455160000,-93.38138530000,2016-01-28 15:06:00,2016-01-28 09:06:00,1/28/2016,82,62,DERI,AHY,F,0,1
730,171368611,30.81425660000,-93.38355030000,2016-01-28 16:07:00,2016-01-28 10:07:00,1/28/2016,82,62,DERI,AHY,F,0,0
731,171368611,30.81495910000,-93.38132950000,2016-01-28 17:06:00,2016-01-28 11:06:00,1/28/2016,82,62,DERI,AHY,F,0,1
732,171368611,30.81501970000,-93.38144970000,2016-01-28 18:06:00,2016-01-28 12:06:00,1/28/2016,82,62,DERI,AHY,F,0,1
733,171368611,30.81513980000,-93.38107510000,2016-01-28 19:06:00,2016-01-28 13:06:00,1/28/2016,82,62,DERI,AHY,F,0,0
734,171368611,30.81487330000,-93.38138520000,2016-01-28 20:06:00,2016-01-28 14:06:00,1/28/2016,82,62,DERI,AHY,F,0,1
735,171368611,30.81485470000,-93.38135830000,2016-01-28 21:06:00,2016-01-28 15:06:00,1/28/2016,82,62,DERI,AHY,F,0,1
736,171368611,30.81495200000,-93.38160810000,2016-01-28 22:06:00,2016-01-28 16:06:00,1/28/2016,82,62,DERI,AHY,F,0,1
739,171368616,30.82004990000,-93.37947990000,2016-01-28 05:56:00,2016-01-27 23:56:00,1/27/2016,89,51,DERI,AHY,M,0,0
740,171368616,30.82019730000,-93.37929880000,2016-01-28 07:00:00,2016-01-28 01:00:00,1/28/2016,82,62,DERI,AHY,M,0,0
741,171368616,30.82003390000,-93.37944430000,2016-01-28 08:00:00,2016-01-28 02:00:00,1/28/2016,82,62,DERI,AHY,M,0,0
742,171368616,30.81983170000,-93.37949150000,2016-01-28 09:00:00,2016-01-28 03:00:00,1/28/2016,82,62,DERI,AHY,M,0,0
743,171368616,30.82046760000,-93.37981330000,2016-01-28 10:00:00,2016-01-28 04:00:00,1/28/2016,82,62,DERI,AHY,M,0,0
744,171368616,30.82008510000,-93.37936520000,2016-01-28 11:00:00,2016-01-28 05:00:00,1/28/2016,82,62,DERI,AHY,M,0,0
745,171368616,30.82001210000,-93.37938050000,2016-01-28 12:00:00,2016-01-28 06:00:00,1/28/2016,82,62,DERI,AHY,M,0,0
746,171368616,30.81944150000,-93.38215250000,2016-01-28 13:00:00,2016-01-28 07:00:00,1/28/2016,82,62,DERI,AHY,M,0,0
747,171368616,30.81941970000,-93.38219430000,2016-01-28 14:00:00,2016-01-28 08:00:00,1/28/2016,82,62,DERI,AHY,M,0,0
748,171368616,30.81960420000,-93.38241280000,2016-01-28 15:00:00,2016-01-28 09:00:00,1/28/2016,82,62,DERI,AHY,M,0,0
749,171368616,30.81948350000,-93.38219360000,2016-01-28 16:00:00,2016-01-28 10:00:00,1/28/2016,82,62,DERI,AHY,M,0,0
750,171368616,30.81949840000,-93.38229420000,2016-01-28 17:00:00,2016-01-28 11:00:00,1/28/2016,82,62,DERI,AHY,M,0,0
751,171368616,30.81948700000,-93.38206530000,2016-01-28 18:00:00,2016-01-28 12:00:00,1/28/2016,82,62,DERI,AHY,M,0,0
752,171368616,30.81874300000,-93.38259970000,2016-01-28 19:00:00,2016-01-28 13:00:00,1/28/2016,82,62,DERI,AHY,M,0,0
753,171368616,30.81962420000,-93.38258710000,2016-01-28 20:00:00,2016-01-28 14:00:00,1/28/2016,82,62,DERI,AHY,M,0,0
754,171368616,30.81956390000,-93.38207030000,2016-01-28 21:00:00,2016-01-28 15:00:00,1/28/2016,82,62,DERI,AHY,M,0,0
755,171368616,30.81944660000,-93.38206720000,2016-01-28 22:00:00,2016-01-28 16:00:00,1/28/2016,82,62,DERI,AHY,M,0,0
756,171368616,30.81942870000,-93.38198310000,2016-01-28 23:01:00,2016-01-28 17:01:00,1/28/2016,82,62,DERI,AHY,M,0,0
757,171368616,30.81956480000,-93.38219800000,2016-01-29 00:00:00,2016-01-28 18:00:00,1/28/2016,82,62,DERI,AHY,M,0,0
758,171368616,30.81942580000,-93.38191260000,2016-01-29 01:00:00,2016-01-28 19:00:00,1/28/2016,82,62,DERI,AHY,M,0,0
759,171368616,30.81938170000,-93.38198070000,2016-01-29 02:00:00,2016-01-28 20:00:00,1/28/2016,82,62,DERI,AHY,M,0,0
760,171368616,30.81930780000,-93.38212300000,2016-01-29 03:00:00,2016-01-28 21:00:00,1/28/2016,82,62,DERI,AHY,M,0,0
761,171368616,30.81928220000,-93.38203150000,2016-01-29 04:00:00,2016-01-28 22:00:00,1/28/2016,82,62,DERI,AHY,M,0,0
762,171368616,30.81933090000,-93.38195230000,2016-01-29 05:00:00,2016-01-28 23:00:00,1/28/2016,82,62,DERI,AHY,M,0,0
763,171368616,30.81943790000,-93.38212320000,2016-01-29 06:00:00,2016-01-29 00:00:00,1/29/2016,74,73,DERI,AHY,M,0,0
764,171368616,30.81937500000,-93.38190150000,2016-01-29 07:00:00,2016-01-29 01:00:00,1/29/2016,74,73,DERI,AHY,M,0,0
765,171368616,30.81937620000,-93.38209110000,2016-01-29 08:00:00,2016-01-29 02:00:00,1/29/2016,74,73,DERI,AHY,M,0,0
766,171368616,30.81913470000,-93.38181060000,2016-01-29 09:00:00,2016-01-29 03:00:00,1/29/2016,74,73,DERI,AHY,M,0,0
767,171368616,30.81948360000,-93.38188680000,2016-01-29 10:00:00,2016-01-29 04:00:00,1/29/2016,74,73,DERI,AHY,M,0,0
768,171368616,30.81935780000,-93.38203650000,2016-01-29 11:00:00,2016-01-29 05:00:00,1/29/2016,74,73,DERI,AHY,M,0,0
769,171368616,30.81942390000,-93.38203040000,2016-01-29 12:00:00,2016-01-29 06:00:00,1/29/2016,74,73,DERI,AHY,M,0,0
770,171368616,30.81966370000,-93.38250670000,2016-01-29 13:00:00,2016-01-29 07:00:00,1/29/2016,74,73,DERI,AHY,M,0,0
773,171368616,30.81964960000,-93.38223910000,2016-01-29 16:00:00,2016-01-29 10:00:00,1/29/2016,74,73,DERI,AHY,M,0,0
774,171368616,30.81932520000,-93.38234940000,2016-01-29 17:00:00,2016-01-29 11:00:00,1/29/2016,74,73,DERI,AHY,M,0,0
775,171368616,30.81924880000,-93.38248560000,2016-01-29 18:00:00,2016-01-29 12:00:00,1/29/2016,74,73,DERI,AHY,M,0,0
776,171368616,30.81929290000,-93.38229010000,2016-01-29 19:00:00,2016-01-29 13:00:00,1/29/2016,74,73,DERI,AHY,M,0,0
777,171368616,30.81949010000,-93.38288060000,2016-01-29 20:00:00,2016-01-29 14:00:00,1/29/2016,74,73,DERI,AHY,M,0,0
778,171368616,30.81939100000,-93.38224820000,2016-01-29 21:00:00,2016-01-29 15:00:00,1/29/2016,74,73,DERI,AHY,M,0,0
779,171368616,30.81949100000,-93.38222730000,2016-01-29 22:00:00,2016-01-29 16:00:00,1/29/2016,74,73,DERI,AHY,M,0,0
780,171368616,30.81891760000,-93.38206830000,2016-01-29 23:00:00,2016-01-29 17:00:00,1/29/2016,74,73,DERI,AHY,M,0,0
781,171368616,30.81945210000,-93.38271210000,2016-01-30 00:00:00,2016-01-29 18:00:00,1/29/2016,74,73,DERI,AHY,M,0,0
782,171368616,30.81995940000,-93.38191630000,2016-01-30 01:00:00,2016-01-29 19:00:00,1/29/2016,74,73,DERI,AHY,M,0,0
783,171368616,30.81995680000,-93.38185860000,2016-01-30 02:00:00,2016-01-29 20:00:00,1/29/2016,74,73,DERI,AHY,M,0,0
784,171368616,30.81954410000,-93.38112620000,2016-01-30 03:00:00,2016-01-29 21:00:00,1/29/2016,74,73,DERI,AHY,M,0,0
785,171368616,30.82003460000,-93.38188570000,2016-01-30 04:00:00,2016-01-29 22:00:00,1/29/2016,74,73,DERI,AHY,M,0,0
786,171368616,30.82011190000,-93.38185980000,2016-01-30 05:00:00,2016-01-29 23:00:00,1/29/2016,74,73,DERI,AHY,M,0,0
787,171368616,30.82009380000,-93.38171800000,2016-01-30 06:00:00,2016-01-30 00:00:00,1/30/2016,66,74,DERI,AHY,M,0,0
788,171368616,30.82007550000,-93.38185130000,2016-01-30 07:00:00,2016-01-30 01:00:00,1/30/2016,66,74,DERI,AHY,M,0,0
789,171368616,30.82000130000,-93.38187090000,2016-01-30 08:00:00,2016-01-30 02:00:00,1/30/2016,66,74,DERI,AHY,M,0,0
790,171368616,30.82103270000,-93.38208360000,2016-01-30 09:00:00,2016-01-30 03:00:00,1/30/2016,66,74,DERI,AHY,M,0,0
792,171368616,30.82013310000,-93.38205310000,2016-01-30 11:00:00,2016-01-30 05:00:00,1/30/2016,66,74,DERI,AHY,M,0,0
793,171368616,30.82013990000,-93.38193110000,2016-01-30 12:00:00,2016-01-30 06:00:00,1/30/2016,66,74,DERI,AHY,M,0,0
794,171368616,30.81936500000,-93.38206900000,2016-01-30 13:00:00,2016-01-30 07:00:00,1/30/2016,66,74,DERI,AHY,M,0,0
795,171368616,30.81972190000,-93.38240240000,2016-01-30 14:00:00,2016-01-30 08:00:00,1/30/2016,66,74,DERI,AHY,M,0,0
796,171368616,30.81935790000,-93.38222870000,2016-01-30 15:01:00,2016-01-30 09:01:00,1/30/2016,66,74,DERI,AHY,M,0,0
797,171368616,30.81951520000,-93.38205980000,2016-01-30 16:00:00,2016-01-30 10:00:00,1/30/2016,66,74,DERI,AHY,M,0,0
798,171368616,30.81915290000,-93.38221700000,2016-01-30 17:00:00,2016-01-30 11:00:00,1/30/2016,66,74,DERI,AHY,M,0,0
799,171368616,30.81945820000,-93.38237530000,2016-01-30 18:00:00,2016-01-30 12:00:00,1/30/2016,66,74,DERI,AHY,M,0,0
800,171368616,30.81934250000,-93.38226050000,2016-01-30 19:00:00,2016-01-30 13:00:00,1/30/2016,66,74,DERI,AHY,M,0,0
801,171368616,30.81901490000,-93.38215740000,2016-01-30 20:01:00,2016-01-30 14:01:00,1/30/2016,66,74,DERI,AHY,M,0,0
802,171368616,30.81936980000,-93.38177280000,2016-01-30 21:00:00,2016-01-30 15:00:00,1/30/2016,66,74,DERI,AHY,M,0,0
803,171368616,30.81902360000,-93.38211720000,2016-01-30 22:00:00,2016-01-30 16:00:00,1/30/2016,66,74,DERI,AHY,M,0,0
804,171368616,30.81902930000,-93.38116190000,2016-01-30 23:00:00,2016-01-30 17:00:00,1/30/2016,66,74,DERI,AHY,M,0,0
806,171368616,30.82107200000,-93.38165190000,2016-01-31 01:00:00,2016-01-30 19:00:00,1/30/2016,66,74,DERI,AHY,M,0,0
807,171368616,30.82099510000,-93.38144150000,2016-01-31 02:00:00,2016-01-30 20:00:00,1/30/2016,66,74,DERI,AHY,M,0,0
808,171368616,30.82074880000,-93.38081480000,2016-01-31 03:00:00,2016-01-30 21:00:00,1/30/2016,66,74,DERI,AHY,M,0,0
809,171368616,30.82108940000,-93.38151810000,2016-01-31 04:00:00,2016-01-30 22:00:00,1/30/2016,66,74,DERI,AHY,M,0,0
810,171368616,30.82043540000,-93.38136550000,2016-01-31 05:00:00,2016-01-30 23:00:00,1/30/2016,66,74,DERI,AHY,M,0,0
811,171368616,30.82131530000,-93.38162810000,2016-01-31 06:00:00,2016-01-31 00:00:00,1/31/2016,57,77,DERI,AHY,M,0,0
