"","BandNmbr","Latitude","Longitude","gmt","dt","date","mp","high","site","age","sex","precip"
"152",171368600,30.8288863,-93.3803177,2016-01-19 05:57:00,2016-01-18 23:57:00,"01/18/2016","68",59,"DERI","HY","M",0
"153",171368600,30.8288885,-93.3803441,2016-01-19 07:00:00,2016-01-19 01:00:00,"01/19/2016","78",65,"DERI","HY","M",0
"154",171368600,30.8288878,-93.3803189,2016-01-19 08:00:00,2016-01-19 02:00:00,"01/19/2016","78",65,"DERI","HY","M",0
"155",171368600,30.8288775,-93.3803029,2016-01-19 09:00:00,2016-01-19 03:00:00,"01/19/2016","78",65,"DERI","HY","M",0
"156",171368600,30.8289355,-93.3802741,2016-01-19 10:00:00,2016-01-19 04:00:00,"01/19/2016","78",65,"DERI","HY","M",0
"157",171368600,30.8289045,-93.3803306,2016-01-19 11:00:00,2016-01-19 05:00:00,"01/19/2016","78",65,"DERI","HY","M",0
"158",171368600,30.8288921,-93.3803299,2016-01-19 12:00:00,2016-01-19 06:00:00,"01/19/2016","78",65,"DERI","HY","M",0
"159",171368600,30.8322378,-93.3806907,2016-01-19 13:00:00,2016-01-19 07:00:00,"01/19/2016","78",65,"DERI","HY","M",0
"160",171368600,30.8321893,-93.3806539,2016-01-19 14:00:00,2016-01-19 08:00:00,"01/19/2016","78",65,"DERI","HY","M",0
"161",171368600,30.832191,-93.380652,2016-01-19 15:00:00,2016-01-19 09:00:00,"01/19/2016","78",65,"DERI","HY","M",0
"162",171368600,30.83222,-93.38066,2016-01-19 16:00:00,2016-01-19 10:00:00,"01/19/2016","78",65,"DERI","HY","M",0
"163",171368600,30.8322017,-93.3806545,2016-01-19 17:00:00,2016-01-19 11:00:00,"01/19/2016","78",65,"DERI","HY","M",0
"164",171368600,30.832193,-93.3806324,2016-01-19 18:00:00,2016-01-19 12:00:00,"01/19/2016","78",65,"DERI","HY","M",0
"165",171368600,30.8322462,-93.380606,2016-01-19 19:00:00,2016-01-19 13:00:00,"01/19/2016","78",65,"DERI","HY","M",0
"166",171368600,30.832199,-93.3806416,2016-01-19 20:00:00,2016-01-19 14:00:00,"01/19/2016","78",65,"DERI","HY","M",0
"167",171368600,30.8321914,-93.3806342,2016-01-19 21:00:00,2016-01-19 15:00:00,"01/19/2016","78",65,"DERI","HY","M",0
"168",171368600,30.8321959,-93.3806422,2016-01-19 22:00:00,2016-01-19 16:00:00,"01/19/2016","78",65,"DERI","HY","M",0
"169",171368600,30.8322007,-93.3806324,2016-01-19 23:00:00,2016-01-19 17:00:00,"01/19/2016","78",65,"DERI","HY","M",0
"170",171368600,30.8322135,-93.380676,2016-01-20 00:00:00,2016-01-19 18:00:00,"01/19/2016","78",65,"DERI","HY","M",0
"171",171368600,30.8320427,-93.3807545,2016-01-20 01:00:00,2016-01-19 19:00:00,"01/19/2016","78",65,"DERI","HY","M",0
"172",171368600,30.8320487,-93.3807637,2016-01-20 02:00:00,2016-01-19 20:00:00,"01/19/2016","78",65,"DERI","HY","M",0
"173",171368600,30.8321198,-93.3804728,2016-01-20 03:00:00,2016-01-19 21:00:00,"01/19/2016","78",65,"DERI","HY","M",0
"174",171368600,30.8321319,-93.3804839,2016-01-20 04:00:00,2016-01-19 22:00:00,"01/19/2016","78",65,"DERI","HY","M",0
"175",171368600,30.8320978,-93.3804845,2016-01-20 05:00:00,2016-01-19 23:00:00,"01/19/2016","78",65,"DERI","HY","M",0
"176",171368600,30.8318939,-93.380768,2016-01-20 06:00:00,2016-01-20 00:00:00,"01/20/2016","86",71,"DERI","HY","M",0
"177",171368600,30.8317788,-93.380965,2016-01-20 07:00:00,2016-01-20 01:00:00,"01/20/2016","86",71,"DERI","HY","M",0
"178",171368600,30.8316876,-93.3809601,2016-01-20 08:00:00,2016-01-20 02:00:00,"01/20/2016","86",71,"DERI","HY","M",0
"179",171368600,30.8316788,-93.3809411,2016-01-20 09:00:00,2016-01-20 03:00:00,"01/20/2016","86",71,"DERI","HY","M",0
"180",171368600,30.8316986,-93.3809521,2016-01-20 10:00:00,2016-01-20 04:00:00,"01/20/2016","86",71,"DERI","HY","M",0
"181",171368600,30.8316647,-93.3809496,2016-01-20 11:00:00,2016-01-20 05:00:00,"01/20/2016","86",71,"DERI","HY","M",0
"182",171368600,30.8316815,-93.3809582,2016-01-20 12:00:00,2016-01-20 06:00:00,"01/20/2016","86",71,"DERI","HY","M",0
"183",171368600,30.8467538,-93.3789402,2016-01-20 13:00:00,2016-01-20 07:00:00,"01/20/2016","86",71,"DERI","HY","M",0
"184",171368600,30.8466183,-93.3790042,2016-01-20 14:00:00,2016-01-20 08:00:00,"01/20/2016","86",71,"DERI","HY","M",0
"185",171368600,30.8466693,-93.3786732,2016-01-20 15:00:00,2016-01-20 09:00:00,"01/20/2016","86",71,"DERI","HY","M",0
"186",171368600,30.8467719,-93.3787089,2016-01-20 16:00:00,2016-01-20 10:00:00,"01/20/2016","86",71,"DERI","HY","M",0
"187",171368600,30.8472128,-93.3785923,2016-01-20 17:01:00,2016-01-20 11:01:00,"01/20/2016","86",71,"DERI","HY","M",0
"188",171368600,30.846654,-93.3786744,2016-01-20 18:00:00,2016-01-20 12:00:00,"01/20/2016","86",71,"DERI","HY","M",0
"189",171368600,30.8465029,-93.3787915,2016-01-20 19:00:00,2016-01-20 13:00:00,"01/20/2016","86",71,"DERI","HY","M",0
"190",171368600,30.8468794,-93.3781942,2016-01-20 20:00:00,2016-01-20 14:00:00,"01/20/2016","86",71,"DERI","HY","M",0
"191",171368600,30.8466921,-93.3787634,2016-01-20 21:00:00,2016-01-20 15:00:00,"01/20/2016","86",71,"DERI","HY","M",0
"192",171368600,30.8465613,-93.3786554,2016-01-20 22:00:00,2016-01-20 16:00:00,"01/20/2016","86",71,"DERI","HY","M",0
"193",171368600,30.8464512,-93.3788512,2016-01-20 23:00:00,2016-01-20 17:00:00,"01/20/2016","86",71,"DERI","HY","M",0
"195",171368600,30.843833,-93.3792001,2016-01-21 01:00:00,2016-01-20 19:00:00,"01/20/2016","86",71,"DERI","HY","M",0
"196",171368600,30.8436002,-93.3792414,2016-01-21 02:00:00,2016-01-20 20:00:00,"01/20/2016","86",71,"DERI","HY","M",0
"197",171368600,30.8438384,-93.3788293,2016-01-21 03:00:00,2016-01-20 21:00:00,"01/20/2016","86",71,"DERI","HY","M",0
"198",171368600,30.8439422,-93.379221,2016-01-21 04:00:00,2016-01-20 22:00:00,"01/20/2016","86",71,"DERI","HY","M",0
"199",171368600,30.8437851,-93.3792031,2016-01-21 05:00:00,2016-01-20 23:00:00,"01/20/2016","86",71,"DERI","HY","M",0
"200",171368600,30.8440218,-93.3792026,2016-01-21 06:00:00,2016-01-21 00:00:00,"01/21/2016","93",73,"DERI","HY","M",0.6
"201",171368600,30.8439499,-93.3787881,2016-01-21 07:00:00,2016-01-21 01:00:00,"01/21/2016","93",73,"DERI","HY","M",0.6
"202",171368600,30.844009,-93.3791504,2016-01-21 08:00:00,2016-01-21 02:00:00,"01/21/2016","93",73,"DERI","HY","M",0.6
"203",171368600,30.8440114,-93.3791854,2016-01-21 09:00:00,2016-01-21 03:00:00,"01/21/2016","93",73,"DERI","HY","M",0.6
"204",171368600,30.8440547,-93.3792425,2016-01-21 10:00:00,2016-01-21 04:00:00,"01/21/2016","93",73,"DERI","HY","M",0.6
"205",171368600,30.8466232,-93.3784976,2016-01-21 11:00:00,2016-01-21 05:00:00,"01/21/2016","93",73,"DERI","HY","M",0.6
"206",171368600,30.8479641,-93.3788078,2016-01-21 12:00:00,2016-01-21 06:00:00,"01/21/2016","93",73,"DERI","HY","M",0.6
"207",171368600,30.8466543,-93.378761,2016-01-21 13:01:00,2016-01-21 07:01:00,"01/21/2016","93",73,"DERI","HY","M",0.6
"208",171368600,30.8467378,-93.3784707,2016-01-21 14:01:00,2016-01-21 08:01:00,"01/21/2016","93",73,"DERI","HY","M",0.6
"209",171368600,30.8468455,-93.3786162,2016-01-21 15:00:00,2016-01-21 09:00:00,"01/21/2016","93",73,"DERI","HY","M",0.6
"210",171368600,30.846761,-93.3787788,2016-01-21 16:00:00,2016-01-21 10:00:00,"01/21/2016","93",73,"DERI","HY","M",0.6
"211",171368600,30.8466016,-93.3790704,2016-01-21 17:00:00,2016-01-21 11:00:00,"01/21/2016","93",73,"DERI","HY","M",0.6
"212",171368600,30.8464796,-93.3790868,2016-01-21 18:00:00,2016-01-21 12:00:00,"01/21/2016","93",73,"DERI","HY","M",0.6
"213",171368600,30.8465841,-93.3788714,2016-01-21 19:00:00,2016-01-21 13:00:00,"01/21/2016","93",73,"DERI","HY","M",0.6
"214",171368600,30.8462014,-93.3785115,2016-01-21 20:00:00,2016-01-21 14:00:00,"01/21/2016","93",73,"DERI","HY","M",0.6
"215",171368600,30.8467194,-93.3788414,2016-01-21 21:00:00,2016-01-21 15:00:00,"01/21/2016","93",73,"DERI","HY","M",0.6
"216",171368600,30.8467847,-93.3788868,2016-01-21 22:00:00,2016-01-21 16:00:00,"01/21/2016","93",73,"DERI","HY","M",0.6
"217",171368600,30.8464556,-93.3790362,2016-01-21 23:00:00,2016-01-21 17:00:00,"01/21/2016","93",73,"DERI","HY","M",0.6
"219",171368600,30.8475352,-93.3775665,2016-01-22 01:01:00,2016-01-21 19:01:00,"01/21/2016","93",73,"DERI","HY","M",0.6
"220",171368600,30.8472519,-93.3786353,2016-01-22 02:01:00,2016-01-21 20:01:00,"01/21/2016","93",73,"DERI","HY","M",0.6
"221",171368600,30.8473368,-93.3783663,2016-01-22 03:00:00,2016-01-21 21:00:00,"01/21/2016","93",73,"DERI","HY","M",0.6
"222",171368600,30.8473098,-93.3785616,2016-01-22 04:00:00,2016-01-21 22:00:00,"01/21/2016","93",73,"DERI","HY","M",0.6
"223",171368600,30.8472806,-93.3786696,2016-01-22 05:00:00,2016-01-21 23:00:00,"01/21/2016","93",73,"DERI","HY","M",0.6
"224",171368600,30.8473535,-93.378378,2016-01-22 06:00:00,2016-01-22 00:00:00,"01/22/2016","98",45,"DERI","HY","M",0
"225",171368600,30.8473587,-93.3783055,2016-01-22 07:00:00,2016-01-22 01:00:00,"01/22/2016","98",45,"DERI","HY","M",0
"226",171368600,30.8475362,-93.3783872,2016-01-22 08:00:00,2016-01-22 02:00:00,"01/22/2016","98",45,"DERI","HY","M",0
"227",171368600,30.84734,-93.3783583,2016-01-22 09:00:00,2016-01-22 03:00:00,"01/22/2016","98",45,"DERI","HY","M",0
"228",171368600,30.8474151,-93.3785942,2016-01-22 10:00:00,2016-01-22 04:00:00,"01/22/2016","98",45,"DERI","HY","M",0
"229",171368600,30.8473269,-93.3783976,2016-01-22 11:00:00,2016-01-22 05:00:00,"01/22/2016","98",45,"DERI","HY","M",0
"230",171368600,30.8473517,-93.3783829,2016-01-22 12:00:00,2016-01-22 06:00:00,"01/22/2016","98",45,"DERI","HY","M",0
"231",171368600,30.8470531,-93.3789551,2016-01-22 13:00:00,2016-01-22 07:00:00,"01/22/2016","98",45,"DERI","HY","M",0
"232",171368600,30.8464711,-93.3789401,2016-01-22 14:00:00,2016-01-22 08:00:00,"01/22/2016","98",45,"DERI","HY","M",0
"233",171368600,30.8465273,-93.3789812,2016-01-22 15:00:00,2016-01-22 09:00:00,"01/22/2016","98",45,"DERI","HY","M",0
"234",171368600,30.8465366,-93.3789174,2016-01-22 16:00:00,2016-01-22 10:00:00,"01/22/2016","98",45,"DERI","HY","M",0
"235",171368600,30.8463677,-93.3788014,2016-01-22 17:00:00,2016-01-22 11:00:00,"01/22/2016","98",45,"DERI","HY","M",0
"236",171368600,30.8465607,-93.3788094,2016-01-22 18:00:00,2016-01-22 12:00:00,"01/22/2016","98",45,"DERI","HY","M",0
"237",171368602,30.8338705,-93.376379,2016-01-08 06:58:00,2016-01-08 00:58:00,"01/08/2016","3",61,"DERI","AHY","F",2.13
"238",171368602,30.833865,-93.3764097,2016-01-08 08:30:00,2016-01-08 02:30:00,"01/08/2016","3",61,"DERI","AHY","F",2.13
"239",171368602,30.8338603,-93.3764122,2016-01-08 10:00:00,2016-01-08 04:00:00,"01/08/2016","3",61,"DERI","AHY","F",2.13
"240",171368602,30.8338263,-93.3764097,2016-01-08 11:30:00,2016-01-08 05:30:00,"01/08/2016","3",61,"DERI","AHY","F",2.13
"241",171368602,30.8312794,-93.3685782,2016-01-08 13:00:00,2016-01-08 07:00:00,"01/08/2016","3",61,"DERI","AHY","F",2.13
"242",171368602,30.8310969,-93.3685181,2016-01-08 14:30:00,2016-01-08 08:30:00,"01/08/2016","3",61,"DERI","AHY","F",2.13
"243",171368602,30.8313574,-93.3686746,2016-01-08 16:00:00,2016-01-08 10:00:00,"01/08/2016","3",61,"DERI","AHY","F",2.13
"244",171368602,30.8313217,-93.3686249,2016-01-08 17:30:00,2016-01-08 11:30:00,"01/08/2016","3",61,"DERI","AHY","F",2.13
"245",171368602,30.8318082,-93.3685758,2016-01-08 19:01:00,2016-01-08 13:01:00,"01/08/2016","3",61,"DERI","AHY","F",2.13
"246",171368602,30.8312435,-93.3686445,2016-01-08 20:30:00,2016-01-08 14:30:00,"01/08/2016","3",61,"DERI","AHY","F",2.13
"247",171368602,30.8310156,-93.3679479,2016-01-08 22:00:00,2016-01-08 16:00:00,"01/08/2016","3",61,"DERI","AHY","F",2.13
"248",171368602,30.8315172,-93.3689324,2016-01-08 23:31:00,2016-01-08 17:31:00,"01/08/2016","3",61,"DERI","AHY","F",2.13
"249",171368602,30.8222458,-93.3647907,2016-01-09 01:00:00,2016-01-08 19:00:00,"01/08/2016","3",61,"DERI","AHY","F",2.13
"250",171368602,30.8223043,-93.3648018,2016-01-09 02:30:00,2016-01-08 20:30:00,"01/08/2016","3",61,"DERI","AHY","F",2.13
"251",171368602,30.821028,-93.3636584,2016-01-09 04:00:00,2016-01-08 22:00:00,"01/08/2016","3",61,"DERI","AHY","F",2.13
"252",171368602,30.8210567,-93.3636204,2016-01-09 05:30:00,2016-01-08 23:30:00,"01/08/2016","3",61,"DERI","AHY","F",2.13
"253",171368602,30.8210105,-93.3635609,2016-01-09 07:00:00,2016-01-09 01:00:00,"01/09/2016","1",63,"DERI","AHY","F",0.01
"254",171368602,30.821041,-93.3636308,2016-01-09 08:30:00,2016-01-09 02:30:00,"01/09/2016","1",63,"DERI","AHY","F",0.01
"255",171368602,30.8210191,-93.3636394,2016-01-09 10:00:00,2016-01-09 04:00:00,"01/09/2016","1",63,"DERI","AHY","F",0.01
"256",171368602,30.8209883,-93.3636363,2016-01-09 11:30:00,2016-01-09 05:30:00,"01/09/2016","1",63,"DERI","AHY","F",0.01
"257",171368602,30.83103,-93.3690576,2016-01-09 13:00:00,2016-01-09 07:00:00,"01/09/2016","1",63,"DERI","AHY","F",0.01
"258",171368602,30.8310778,-93.3690054,2016-01-09 14:30:00,2016-01-09 08:30:00,"01/09/2016","1",63,"DERI","AHY","F",0.01
"259",171368602,30.8310616,-93.3689238,2016-01-09 16:00:00,2016-01-09 10:00:00,"01/09/2016","1",63,"DERI","AHY","F",0.01
"260",171368602,30.8310968,-93.3686469,2016-01-09 17:30:00,2016-01-09 11:30:00,"01/09/2016","1",63,"DERI","AHY","F",0.01
"261",171368602,30.8311468,-93.3691914,2016-01-09 19:01:00,2016-01-09 13:01:00,"01/09/2016","1",63,"DERI","AHY","F",0.01
"262",171368602,30.8327132,-93.3675815,2016-01-09 20:30:00,2016-01-09 14:30:00,"01/09/2016","1",63,"DERI","AHY","F",0.01
"263",171368602,30.8310519,-93.3690938,2016-01-09 22:00:00,2016-01-09 16:00:00,"01/09/2016","1",63,"DERI","AHY","F",0.01
"265",171368602,30.8207676,-93.3639113,2016-01-10 01:00:00,2016-01-09 19:00:00,"01/09/2016","1",63,"DERI","AHY","F",0.01
"266",171368602,30.8208077,-93.3638591,2016-01-10 02:30:00,2016-01-09 20:30:00,"01/09/2016","1",63,"DERI","AHY","F",0.01
"267",171368602,30.8207764,-93.3639303,2016-01-10 04:00:00,2016-01-09 22:00:00,"01/09/2016","1",63,"DERI","AHY","F",0.01
"268",171368602,30.8207883,-93.3639444,2016-01-10 05:30:00,2016-01-09 23:30:00,"01/09/2016","1",63,"DERI","AHY","F",0.01
"269",171368602,30.8207546,-93.3639272,2016-01-10 07:00:00,2016-01-10 01:00:00,"01/10/2016","1",48,"DERI","AHY","F",0
"270",171368602,30.8207739,-93.3639027,2016-01-10 08:30:00,2016-01-10 02:30:00,"01/10/2016","1",48,"DERI","AHY","F",0
"271",171368602,30.8207849,-93.3639512,2016-01-10 10:00:00,2016-01-10 04:00:00,"01/10/2016","1",48,"DERI","AHY","F",0
"272",171368602,30.820847,-93.3640046,2016-01-10 11:30:00,2016-01-10 05:30:00,"01/10/2016","1",48,"DERI","AHY","F",0
"273",171368602,30.8309909,-93.3690754,2016-01-10 13:00:00,2016-01-10 07:00:00,"01/10/2016","1",48,"DERI","AHY","F",0
"274",171368602,30.830785,-93.3688489,2016-01-10 14:30:00,2016-01-10 08:30:00,"01/10/2016","1",48,"DERI","AHY","F",0
"275",171368602,30.8311385,-93.3690343,2016-01-10 16:00:00,2016-01-10 10:00:00,"01/10/2016","1",48,"DERI","AHY","F",0
"276",171368602,30.831101,-93.3688274,2016-01-10 17:30:00,2016-01-10 11:30:00,"01/10/2016","1",48,"DERI","AHY","F",0
"277",171368602,30.8312528,-93.3688078,2016-01-10 19:00:00,2016-01-10 13:00:00,"01/10/2016","1",48,"DERI","AHY","F",0
"278",171368602,30.8315368,-93.3687759,2016-01-10 20:30:00,2016-01-10 14:30:00,"01/10/2016","1",48,"DERI","AHY","F",0
"280",171368602,30.8310656,-93.368569,2016-01-10 23:30:00,2016-01-10 17:30:00,"01/10/2016","1",48,"DERI","AHY","F",0
"281",171368602,30.8313591,-93.3689244,2016-01-11 01:00:00,2016-01-10 19:00:00,"01/10/2016","1",48,"DERI","AHY","F",0
"282",171368602,30.8310884,-93.3686028,2016-01-11 02:30:00,2016-01-10 20:30:00,"01/10/2016","1",48,"DERI","AHY","F",0
"283",171368602,30.8310995,-93.3686439,2016-01-11 04:00:00,2016-01-10 22:00:00,"01/10/2016","1",48,"DERI","AHY","F",0
"284",171368602,30.8310879,-93.3686844,2016-01-11 05:30:00,2016-01-10 23:30:00,"01/10/2016","1",48,"DERI","AHY","F",0
"285",171368602,30.831062,-93.3688943,2016-01-11 07:00:00,2016-01-11 01:00:00,"01/11/2016","3",52,"DERI","AHY","F",0
"286",171368602,30.8313692,-93.3690318,2016-01-11 08:31:00,2016-01-11 02:31:00,"01/11/2016","3",52,"DERI","AHY","F",0
"287",171368602,30.8310791,-93.3686654,2016-01-11 10:00:00,2016-01-11 04:00:00,"01/11/2016","3",52,"DERI","AHY","F",0
"288",171368602,30.8310516,-93.3685905,2016-01-11 11:30:00,2016-01-11 05:30:00,"01/11/2016","3",52,"DERI","AHY","F",0
"289",171368602,30.8310329,-93.3686549,2016-01-11 13:00:00,2016-01-11 07:00:00,"01/11/2016","3",52,"DERI","AHY","F",0
"290",171368602,30.8311233,-93.3687562,2016-01-11 14:30:00,2016-01-11 08:30:00,"01/11/2016","3",52,"DERI","AHY","F",0
"291",171368602,30.8309761,-93.3685782,2016-01-11 16:00:00,2016-01-11 10:00:00,"01/11/2016","3",52,"DERI","AHY","F",0
"292",171368602,30.8311291,-93.3690969,2016-01-11 17:31:00,2016-01-11 11:31:00,"01/11/2016","3",52,"DERI","AHY","F",0
"293",171368602,30.8311588,-93.3689753,2016-01-11 19:00:00,2016-01-11 13:00:00,"01/11/2016","3",52,"DERI","AHY","F",0
"294",171368602,30.8310753,-93.3689778,2016-01-11 20:30:00,2016-01-11 14:30:00,"01/11/2016","3",52,"DERI","AHY","F",0
"297",171368602,30.8312198,-93.3690864,2016-01-12 01:00:00,2016-01-11 19:00:00,"01/11/2016","3",52,"DERI","AHY","F",0
"298",171368602,30.8310061,-93.3686574,2016-01-12 02:30:00,2016-01-11 20:30:00,"01/11/2016","3",52,"DERI","AHY","F",0
"299",171368602,30.8312238,-93.3690588,2016-01-12 04:00:00,2016-01-11 22:00:00,"01/11/2016","3",52,"DERI","AHY","F",0
"300",171368602,30.8304805,-93.3673973,2016-01-12 05:30:00,2016-01-11 23:30:00,"01/11/2016","3",52,"DERI","AHY","F",0
"301",171368602,30.8312016,-93.3692356,2016-01-12 07:00:00,2016-01-12 01:00:00,"01/12/2016","8",61,"DERI","AHY","F",0
"302",171368602,30.8311753,-93.3690784,2016-01-12 08:31:00,2016-01-12 02:31:00,"01/12/2016","8",61,"DERI","AHY","F",0
"303",171368602,30.8311981,-93.3690919,2016-01-12 10:00:00,2016-01-12 04:00:00,"01/12/2016","8",61,"DERI","AHY","F",0
"304",171368602,30.8313114,-93.3691951,2016-01-12 11:30:00,2016-01-12 05:30:00,"01/12/2016","8",61,"DERI","AHY","F",0
"306",171368602,30.8310043,-93.3692079,2016-01-12 14:30:00,2016-01-12 08:30:00,"01/12/2016","8",61,"DERI","AHY","F",0
"307",171368602,30.831106,-93.369405,2016-01-12 16:00:00,2016-01-12 10:00:00,"01/12/2016","8",61,"DERI","AHY","F",0
"308",171368602,30.8310407,-93.3692988,2016-01-12 17:30:00,2016-01-12 11:30:00,"01/12/2016","8",61,"DERI","AHY","F",0
"309",171368602,30.8311954,-93.3692411,2016-01-12 19:00:00,2016-01-12 13:00:00,"01/12/2016","8",61,"DERI","AHY","F",0
"310",171368602,30.8310171,-93.3693166,2016-01-12 20:31:00,2016-01-12 14:31:00,"01/12/2016","8",61,"DERI","AHY","F",0
"311",171368602,30.8307108,-93.3696296,2016-01-12 22:00:00,2016-01-12 16:00:00,"01/12/2016","8",61,"DERI","AHY","F",0
"313",171368602,30.8224185,-93.3647606,2016-01-13 01:00:00,2016-01-12 19:00:00,"01/12/2016","8",61,"DERI","AHY","F",0
"314",171368602,30.8224146,-93.3647361,2016-01-13 02:30:00,2016-01-12 20:30:00,"01/12/2016","8",61,"DERI","AHY","F",0
"315",171368602,30.8223725,-93.3647355,2016-01-13 04:00:00,2016-01-12 22:00:00,"01/12/2016","8",61,"DERI","AHY","F",0
"316",171368602,30.8224539,-93.3646588,2016-01-13 05:30:00,2016-01-12 23:30:00,"01/12/2016","8",61,"DERI","AHY","F",0
"317",171368602,30.8223633,-93.3647343,2016-01-13 07:00:00,2016-01-13 01:00:00,"01/13/2016","15",63,"DERI","AHY","F",0
"318",171368602,30.8223928,-93.364733,2016-01-13 08:30:00,2016-01-13 02:30:00,"01/13/2016","15",63,"DERI","AHY","F",0
"319",171368602,30.8223002,-93.3647312,2016-01-13 10:00:00,2016-01-13 04:00:00,"01/13/2016","15",63,"DERI","AHY","F",0
"320",171368602,30.8223887,-93.3647606,2016-01-13 11:30:00,2016-01-13 05:30:00,"01/13/2016","15",63,"DERI","AHY","F",0
"321",171368602,30.8311397,-93.3690459,2016-01-13 13:01:00,2016-01-13 07:01:00,"01/13/2016","15",63,"DERI","AHY","F",0
"322",171368602,30.8311422,-93.3692675,2016-01-13 14:30:00,2016-01-13 08:30:00,"01/13/2016","15",63,"DERI","AHY","F",0
"324",171368602,30.8311309,-93.3692859,2016-01-13 17:30:00,2016-01-13 11:30:00,"01/13/2016","15",63,"DERI","AHY","F",0
"325",171368602,30.8311583,-93.3691901,2016-01-13 19:00:00,2016-01-13 13:00:00,"01/13/2016","15",63,"DERI","AHY","F",0
"327",171368602,30.8312736,-93.3683517,2016-01-13 22:00:00,2016-01-13 16:00:00,"01/13/2016","15",63,"DERI","AHY","F",0
"328",171368602,30.8310059,-93.3691453,2016-01-13 23:30:00,2016-01-13 17:30:00,"01/13/2016","15",63,"DERI","AHY","F",0
"329",171368602,30.8312349,-93.3692663,2016-01-14 01:00:00,2016-01-13 19:00:00,"01/13/2016","15",63,"DERI","AHY","F",0
"330",171368602,30.8311584,-93.3694056,2016-01-14 02:30:00,2016-01-13 20:30:00,"01/13/2016","15",63,"DERI","AHY","F",0
"331",171368602,30.8311427,-93.3693147,2016-01-14 04:00:00,2016-01-13 22:00:00,"01/13/2016","15",63,"DERI","AHY","F",0
"332",171368602,30.8306096,-93.3694854,2016-01-14 05:30:00,2016-01-13 23:30:00,"01/13/2016","15",63,"DERI","AHY","F",0
"333",171368602,30.8311786,-93.3692368,2016-01-14 07:00:00,2016-01-14 01:00:00,"01/14/2016","24",60,"DERI","AHY","F",0
"334",171368602,30.8311881,-93.3692884,2016-01-14 08:30:00,2016-01-14 02:30:00,"01/14/2016","24",60,"DERI","AHY","F",0
"335",171368602,30.8313368,-93.3690999,2016-01-14 10:00:00,2016-01-14 04:00:00,"01/14/2016","24",60,"DERI","AHY","F",0
"336",171368602,30.8312142,-93.3690711,2016-01-14 11:30:00,2016-01-14 05:30:00,"01/14/2016","24",60,"DERI","AHY","F",0
"337",171368602,30.8312547,-93.3692687,2016-01-14 13:01:00,2016-01-14 07:01:00,"01/14/2016","24",60,"DERI","AHY","F",0
"338",171368602,30.8311904,-93.3692583,2016-01-14 14:30:00,2016-01-14 08:30:00,"01/14/2016","24",60,"DERI","AHY","F",0
"339",171368602,30.8310326,-93.3696002,2016-01-14 16:00:00,2016-01-14 10:00:00,"01/14/2016","24",60,"DERI","AHY","F",0
"340",171368602,30.831053,-93.3693675,2016-01-14 17:30:00,2016-01-14 11:30:00,"01/14/2016","24",60,"DERI","AHY","F",0
"341",171368602,30.8308948,-93.3692135,2016-01-14 19:00:00,2016-01-14 13:00:00,"01/14/2016","24",60,"DERI","AHY","F",0
"342",171368602,30.8309865,-93.3692988,2016-01-14 20:30:00,2016-01-14 14:30:00,"01/14/2016","24",60,"DERI","AHY","F",0
"343",171368602,30.8309416,-93.3693086,2016-01-14 22:01:00,2016-01-14 16:01:00,"01/14/2016","24",60,"DERI","AHY","F",0
"344",171368602,30.8308883,-93.3692251,2016-01-14 23:30:00,2016-01-14 17:30:00,"01/14/2016","24",60,"DERI","AHY","F",0
"345",171368602,30.8223751,-93.3651448,2016-01-15 01:00:00,2016-01-14 19:00:00,"01/14/2016","24",60,"DERI","AHY","F",0
"346",171368602,30.822186,-93.3648245,2016-01-15 02:30:00,2016-01-14 20:30:00,"01/14/2016","24",60,"DERI","AHY","F",0
"347",171368602,30.8222126,-93.3647527,2016-01-15 04:00:00,2016-01-14 22:00:00,"01/14/2016","24",60,"DERI","AHY","F",0
"348",171368602,30.8218789,-93.3647692,2016-01-15 05:30:00,2016-01-14 23:30:00,"01/14/2016","24",60,"DERI","AHY","F",0
"349",171368602,30.8221314,-93.3646686,2016-01-15 07:00:00,2016-01-15 01:00:00,"01/15/2016","34",72,"DERI","AHY","F",0
"350",171368602,30.8220372,-93.3648189,2016-01-15 08:30:00,2016-01-15 02:30:00,"01/15/2016","34",72,"DERI","AHY","F",0
"351",171368602,30.8231715,-93.3650043,2016-01-15 10:00:00,2016-01-15 04:00:00,"01/15/2016","34",72,"DERI","AHY","F",0
"352",171368602,30.8221807,-93.3647913,2016-01-15 11:30:00,2016-01-15 05:30:00,"01/15/2016","34",72,"DERI","AHY","F",0
"353",171368602,30.8311193,-93.3691441,2016-01-15 13:00:00,2016-01-15 07:00:00,"01/15/2016","34",72,"DERI","AHY","F",0
"354",171368602,30.83106,-93.3693755,2016-01-15 14:30:00,2016-01-15 08:30:00,"01/15/2016","34",72,"DERI","AHY","F",0
"355",171368602,30.8304143,-93.3676624,2016-01-15 16:00:00,2016-01-15 10:00:00,"01/15/2016","34",72,"DERI","AHY","F",0
"356",171368602,30.83133,-93.3692552,2016-01-15 17:31:00,2016-01-15 11:31:00,"01/15/2016","34",72,"DERI","AHY","F",0
"357",171368602,30.8312246,-93.3693025,2016-01-15 19:00:00,2016-01-15 13:00:00,"01/15/2016","34",72,"DERI","AHY","F",0
"358",171368602,30.8309075,-93.3708271,2016-01-15 20:30:00,2016-01-15 14:30:00,"01/15/2016","34",72,"DERI","AHY","F",0
"359",171368602,30.8311833,-93.3693921,2016-01-15 22:01:00,2016-01-15 16:01:00,"01/15/2016","34",72,"DERI","AHY","F",0
"360",171368602,30.8303162,-93.3682645,2016-01-15 23:30:00,2016-01-15 17:30:00,"01/15/2016","34",72,"DERI","AHY","F",0
"361",171368602,30.8303917,-93.3700856,2016-01-16 01:00:00,2016-01-15 19:00:00,"01/15/2016","34",72,"DERI","AHY","F",0
"362",171368602,30.8303657,-93.3702016,2016-01-16 02:30:00,2016-01-15 20:30:00,"01/15/2016","34",72,"DERI","AHY","F",0
"363",171368602,30.820572,-93.3637008,2016-01-16 04:00:00,2016-01-15 22:00:00,"01/15/2016","34",72,"DERI","AHY","F",0
"364",171368602,30.8206101,-93.3637174,2016-01-16 05:30:00,2016-01-15 23:30:00,"01/15/2016","34",72,"DERI","AHY","F",0
"365",171368602,30.820814,-93.3644857,2016-01-16 07:00:00,2016-01-16 01:00:00,"01/16/2016","45",59,"DERI","AHY","F",0
"366",171368602,30.8206575,-93.3637395,2016-01-16 08:30:00,2016-01-16 02:30:00,"01/16/2016","45",59,"DERI","AHY","F",0
"367",171368602,30.8206219,-93.3637345,2016-01-16 10:00:00,2016-01-16 04:00:00,"01/16/2016","45",59,"DERI","AHY","F",0
"368",171368602,30.8205967,-93.3636977,2016-01-16 11:30:00,2016-01-16 05:30:00,"01/16/2016","45",59,"DERI","AHY","F",0
"369",171368602,30.8310358,-93.3691147,2016-01-16 13:01:00,2016-01-16 07:01:00,"01/16/2016","45",59,"DERI","AHY","F",0
"370",171368602,30.8309805,-93.3688612,2016-01-16 14:31:00,2016-01-16 08:31:00,"01/16/2016","45",59,"DERI","AHY","F",0
"371",171368602,30.8311132,-93.3688311,2016-01-16 16:00:00,2016-01-16 10:00:00,"01/16/2016","45",59,"DERI","AHY","F",0
"372",171368602,30.8311755,-93.3687642,2016-01-16 17:30:00,2016-01-16 11:30:00,"01/16/2016","45",59,"DERI","AHY","F",0
"373",171368602,30.8312345,-93.3686445,2016-01-16 19:00:00,2016-01-16 13:00:00,"01/16/2016","45",59,"DERI","AHY","F",0
"376",171368602,30.831406,-93.3697444,2016-01-16 23:30:00,2016-01-16 17:30:00,"01/16/2016","45",59,"DERI","AHY","F",0
"377",171368602,30.831062,-93.3686715,2016-01-17 01:00:00,2016-01-16 19:00:00,"01/16/2016","45",59,"DERI","AHY","F",0
"378",171368602,30.8310988,-93.368623,2016-01-17 02:30:00,2016-01-16 20:30:00,"01/16/2016","45",59,"DERI","AHY","F",0
"379",171368602,30.8307764,-93.3686733,2016-01-17 04:00:00,2016-01-16 22:00:00,"01/16/2016","45",59,"DERI","AHY","F",0
"380",171368602,30.8310479,-93.3686034,2016-01-17 05:30:00,2016-01-16 23:30:00,"01/16/2016","45",59,"DERI","AHY","F",0
"381",171368602,30.8311501,-93.3688765,2016-01-17 07:00:00,2016-01-17 01:00:00,"01/17/2016","57",55,"DERI","AHY","F",0
"382",171368602,30.8311662,-93.3687138,2016-01-17 08:30:00,2016-01-17 02:30:00,"01/17/2016","57",55,"DERI","AHY","F",0
"383",171368602,30.8310683,-93.3687151,2016-01-17 10:00:00,2016-01-17 04:00:00,"01/17/2016","57",55,"DERI","AHY","F",0
"384",171368602,30.8310857,-93.3687028,2016-01-17 11:30:00,2016-01-17 05:30:00,"01/17/2016","57",55,"DERI","AHY","F",0
"385",171368602,30.8306007,-93.3701611,2016-01-17 13:00:00,2016-01-17 07:00:00,"01/17/2016","57",55,"DERI","AHY","F",0
"386",171368602,30.8297486,-93.3699905,2016-01-17 14:31:00,2016-01-17 08:31:00,"01/17/2016","57",55,"DERI","AHY","F",0
"387",171368602,30.8303313,-93.3700463,2016-01-17 16:00:00,2016-01-17 10:00:00,"01/17/2016","57",55,"DERI","AHY","F",0
"388",171368602,30.8305017,-93.3699696,2016-01-17 17:30:00,2016-01-17 11:30:00,"01/17/2016","57",55,"DERI","AHY","F",0
"389",171368602,30.8304978,-93.3699494,2016-01-17 19:00:00,2016-01-17 13:00:00,"01/17/2016","57",55,"DERI","AHY","F",0
"390",171368602,30.8305184,-93.3699856,2016-01-17 20:30:00,2016-01-17 14:30:00,"01/17/2016","57",55,"DERI","AHY","F",0
"391",171368602,30.830452,-93.3689618,2016-01-17 22:00:00,2016-01-17 16:00:00,"01/17/2016","57",55,"DERI","AHY","F",0
"392",171368602,30.8305474,-93.3698837,2016-01-17 23:30:00,2016-01-17 17:30:00,"01/17/2016","57",55,"DERI","AHY","F",0
"393",171368602,30.8307592,-93.3699457,2016-01-18 01:00:00,2016-01-17 19:00:00,"01/17/2016","57",55,"DERI","AHY","F",0
"394",171368602,30.8305974,-93.3699144,2016-01-18 02:30:00,2016-01-17 20:30:00,"01/17/2016","57",55,"DERI","AHY","F",0
"395",171368602,30.8306569,-93.3698868,2016-01-18 04:00:00,2016-01-17 22:00:00,"01/17/2016","57",55,"DERI","AHY","F",0
"396",171368602,30.8305867,-93.3698542,2016-01-18 05:30:00,2016-01-17 23:30:00,"01/17/2016","57",55,"DERI","AHY","F",0
"397",171368602,30.8304426,-93.3698782,2016-01-18 07:00:00,2016-01-18 01:00:00,"01/18/2016","68",59,"DERI","AHY","F",0
"398",171368602,30.8304932,-93.3698315,2016-01-18 08:30:00,2016-01-18 02:30:00,"01/18/2016","68",59,"DERI","AHY","F",0
"399",171368602,30.8305635,-93.3699162,2016-01-18 10:00:00,2016-01-18 04:00:00,"01/18/2016","68",59,"DERI","AHY","F",0
"400",171368602,30.8305731,-93.3699113,2016-01-18 11:30:00,2016-01-18 05:30:00,"01/18/2016","68",59,"DERI","AHY","F",0
"401",171368602,30.830612,-93.3698966,2016-01-18 13:00:00,2016-01-18 07:00:00,"01/18/2016","68",59,"DERI","AHY","F",0
"404",171368602,30.8305117,-93.3699396,2016-01-18 17:30:00,2016-01-18 11:30:00,"01/18/2016","68",59,"DERI","AHY","F",0
"405",171368602,30.8299577,-93.3703059,2016-01-18 19:00:00,2016-01-18 13:00:00,"01/18/2016","68",59,"DERI","AHY","F",0
"406",171368602,30.8305456,-93.3697873,2016-01-18 20:30:00,2016-01-18 14:30:00,"01/18/2016","68",59,"DERI","AHY","F",0
"407",171368602,30.830704,-93.3698297,2016-01-18 22:00:00,2016-01-18 16:00:00,"01/18/2016","68",59,"DERI","AHY","F",0
"408",171368602,30.8303328,-93.3697364,2016-01-18 23:30:00,2016-01-18 17:30:00,"01/18/2016","68",59,"DERI","AHY","F",0
"409",171368602,30.8212098,-93.3637873,2016-01-19 01:00:00,2016-01-18 19:00:00,"01/18/2016","68",59,"DERI","AHY","F",0
"410",171368602,30.8209096,-93.3633528,2016-01-19 02:30:00,2016-01-18 20:30:00,"01/18/2016","68",59,"DERI","AHY","F",0
"411",171368602,30.8210005,-93.3634056,2016-01-19 04:00:00,2016-01-18 22:00:00,"01/18/2016","68",59,"DERI","AHY","F",0
"412",171368602,30.8208505,-93.3637517,2016-01-19 05:30:00,2016-01-18 23:30:00,"01/18/2016","68",59,"DERI","AHY","F",0
"413",171368602,30.8210479,-93.3636621,2016-01-19 07:00:00,2016-01-19 01:00:00,"01/19/2016","78",65,"DERI","AHY","F",0
"414",171368602,30.8209785,-93.3631828,2016-01-19 08:30:00,2016-01-19 02:30:00,"01/19/2016","78",65,"DERI","AHY","F",0
"415",171368602,30.8208514,-93.3630895,2016-01-19 10:00:00,2016-01-19 04:00:00,"01/19/2016","78",65,"DERI","AHY","F",0
"416",171368602,30.820973,-93.3631484,2016-01-19 11:30:00,2016-01-19 05:30:00,"01/19/2016","78",65,"DERI","AHY","F",0
"417",171368602,30.8306493,-93.3699445,2016-01-19 13:00:00,2016-01-19 07:00:00,"01/19/2016","78",65,"DERI","AHY","F",0
"418",171368602,30.8303514,-93.3699745,2016-01-19 14:30:00,2016-01-19 08:30:00,"01/19/2016","78",65,"DERI","AHY","F",0
"419",171368602,30.8304049,-93.369521,2016-01-19 16:00:00,2016-01-19 10:00:00,"01/19/2016","78",65,"DERI","AHY","F",0
"420",171368602,30.8306643,-93.3698929,2016-01-19 17:30:00,2016-01-19 11:30:00,"01/19/2016","78",65,"DERI","AHY","F",0
"421",171368602,30.8308747,-93.3695529,2016-01-19 19:00:00,2016-01-19 13:00:00,"01/19/2016","78",65,"DERI","AHY","F",0
"422",171368602,30.8304457,-93.369934,2016-01-19 20:30:00,2016-01-19 14:30:00,"01/19/2016","78",65,"DERI","AHY","F",0
"423",171368602,30.8304311,-93.3700126,2016-01-19 22:00:00,2016-01-19 16:00:00,"01/19/2016","78",65,"DERI","AHY","F",0
"425",171368602,30.8304213,-93.3698948,2016-01-20 01:00:00,2016-01-19 19:00:00,"01/19/2016","78",65,"DERI","AHY","F",0
"426",171368602,30.8306798,-93.3699089,2016-01-20 02:30:00,2016-01-19 20:30:00,"01/19/2016","78",65,"DERI","AHY","F",0
"427",171368602,30.8306687,-93.3698027,2016-01-20 04:00:00,2016-01-19 22:00:00,"01/19/2016","78",65,"DERI","AHY","F",0
"428",171368602,30.8307611,-93.3698843,2016-01-20 05:30:00,2016-01-19 23:30:00,"01/19/2016","78",65,"DERI","AHY","F",0
"429",171368602,30.8306107,-93.369953,2016-01-20 07:00:00,2016-01-20 01:00:00,"01/20/2016","86",71,"DERI","AHY","F",0
"430",171368602,30.8306593,-93.3700998,2016-01-20 08:30:00,2016-01-20 02:30:00,"01/20/2016","86",71,"DERI","AHY","F",0
"431",171368602,30.8305673,-93.3699641,2016-01-20 10:00:00,2016-01-20 04:00:00,"01/20/2016","86",71,"DERI","AHY","F",0
"432",171368602,30.8307194,-93.3702784,2016-01-20 11:30:00,2016-01-20 05:30:00,"01/20/2016","86",71,"DERI","AHY","F",0
"436",171368602,30.8315808,-93.366139,2016-01-20 17:31:00,2016-01-20 11:31:00,"01/20/2016","86",71,"DERI","AHY","F",0
"437",171368602,30.8319177,-93.3662765,2016-01-20 19:01:00,2016-01-20 13:01:00,"01/20/2016","86",71,"DERI","AHY","F",0
"438",171368602,30.8313235,-93.3663134,2016-01-20 20:31:00,2016-01-20 14:31:00,"01/20/2016","86",71,"DERI","AHY","F",0
"440",171368602,30.8323903,-93.367916,2016-01-20 23:31:00,2016-01-20 17:31:00,"01/20/2016","86",71,"DERI","AHY","F",0
"441",171368602,30.8308976,-93.3686807,2016-01-21 01:00:00,2016-01-20 19:00:00,"01/20/2016","86",71,"DERI","AHY","F",0
"442",171368602,30.8309352,-93.3688078,2016-01-21 02:30:00,2016-01-20 20:30:00,"01/20/2016","86",71,"DERI","AHY","F",0
"443",171368602,30.8310145,-93.3686451,2016-01-21 04:00:00,2016-01-20 22:00:00,"01/20/2016","86",71,"DERI","AHY","F",0
"444",171368602,30.8309766,-93.3686862,2016-01-21 05:30:00,2016-01-20 23:30:00,"01/20/2016","86",71,"DERI","AHY","F",0
"445",171368602,30.8309976,-93.3689158,2016-01-21 07:00:00,2016-01-21 01:00:00,"01/21/2016","93",73,"DERI","AHY","F",0.6
"446",171368602,30.8309154,-93.3687679,2016-01-21 08:30:00,2016-01-21 02:30:00,"01/21/2016","93",73,"DERI","AHY","F",0.6
"447",171368602,30.8309388,-93.3689759,2016-01-21 10:00:00,2016-01-21 04:00:00,"01/21/2016","93",73,"DERI","AHY","F",0.6
"448",171368602,30.8309574,-93.368809,2016-01-21 11:30:00,2016-01-21 05:30:00,"01/21/2016","93",73,"DERI","AHY","F",0.6
"450",171368602,30.8310452,-93.3692301,2016-01-21 14:31:00,2016-01-21 08:31:00,"01/21/2016","93",73,"DERI","AHY","F",0.6
"451",171368602,30.8307611,-93.36944,2016-01-21 16:01:00,2016-01-21 10:01:00,"01/21/2016","93",73,"DERI","AHY","F",0.6
"452",171368602,30.8309689,-93.3693866,2016-01-21 17:31:00,2016-01-21 11:31:00,"01/21/2016","93",73,"DERI","AHY","F",0.6
"453",171368602,30.8309529,-93.3695173,2016-01-21 19:00:00,2016-01-21 13:00:00,"01/21/2016","93",73,"DERI","AHY","F",0.6
"454",171368602,30.8314085,-93.3687808,2016-01-21 20:30:00,2016-01-21 14:30:00,"01/21/2016","93",73,"DERI","AHY","F",0.6
"455",171368602,30.8309094,-93.3692362,2016-01-21 22:00:00,2016-01-21 16:00:00,"01/21/2016","93",73,"DERI","AHY","F",0.6
"456",171368602,30.8310291,-93.3690079,2016-01-21 23:30:00,2016-01-21 17:30:00,"01/21/2016","93",73,"DERI","AHY","F",0.6
"457",171368602,30.8307374,-93.370015,2016-01-22 01:00:00,2016-01-21 19:00:00,"01/21/2016","93",73,"DERI","AHY","F",0.6
"458",171368602,30.8311198,-93.3696935,2016-01-22 02:31:00,2016-01-21 20:31:00,"01/21/2016","93",73,"DERI","AHY","F",0.6
"459",171368602,30.8308932,-93.3699764,2016-01-22 04:00:00,2016-01-21 22:00:00,"01/21/2016","93",73,"DERI","AHY","F",0.6
"460",171368602,30.8307787,-93.3699181,2016-01-22 05:30:00,2016-01-21 23:30:00,"01/21/2016","93",73,"DERI","AHY","F",0.6
"461",171368602,30.8307204,-93.3692816,2016-01-22 07:01:00,2016-01-22 01:01:00,"01/22/2016","98",45,"DERI","AHY","F",0
"462",171368602,30.8306249,-93.3699169,2016-01-22 08:30:00,2016-01-22 02:30:00,"01/22/2016","98",45,"DERI","AHY","F",0
"463",171368602,30.8309326,-93.3708033,2016-01-22 10:00:00,2016-01-22 04:00:00,"01/22/2016","98",45,"DERI","AHY","F",0
"464",171368602,30.8307584,-93.3701059,2016-01-22 11:30:00,2016-01-22 05:30:00,"01/22/2016","98",45,"DERI","AHY","F",0
"465",171368602,30.8305372,-93.3699776,2016-01-22 13:00:00,2016-01-22 07:00:00,"01/22/2016","98",45,"DERI","AHY","F",0
"467",171368602,30.8306062,-93.3698843,2016-01-22 16:00:00,2016-01-22 10:00:00,"01/22/2016","98",45,"DERI","AHY","F",0
"468",171368602,30.8302115,-93.3690808,2016-01-22 17:30:00,2016-01-22 11:30:00,"01/22/2016","98",45,"DERI","AHY","F",0
"469",171368602,30.8312404,-93.3693412,2016-01-22 19:01:00,2016-01-22 13:01:00,"01/22/2016","98",45,"DERI","AHY","F",0
"470",171368602,30.8299718,-93.3697996,2016-01-22 20:31:00,2016-01-22 14:31:00,"01/22/2016","98",45,"DERI","AHY","F",0
"471",171368602,30.8305794,-93.3697928,2016-01-22 22:00:00,2016-01-22 16:00:00,"01/22/2016","98",45,"DERI","AHY","F",0
"472",171368602,30.8307455,-93.3702477,2016-01-22 23:30:00,2016-01-22 17:30:00,"01/22/2016","98",45,"DERI","AHY","F",0
"473",171368602,30.8305564,-93.3698837,2016-01-23 01:00:00,2016-01-22 19:00:00,"01/22/2016","98",45,"DERI","AHY","F",0
"474",171368602,30.8311368,-93.3691809,2016-01-23 02:30:00,2016-01-22 20:30:00,"01/22/2016","98",45,"DERI","AHY","F",0
"475",171368602,30.8312046,-93.369076,2016-01-23 04:00:00,2016-01-22 22:00:00,"01/22/2016","98",45,"DERI","AHY","F",0
"476",171368602,30.8312271,-93.3689379,2016-01-23 05:30:00,2016-01-22 23:30:00,"01/22/2016","98",45,"DERI","AHY","F",0
"477",171368602,30.831348,-93.3687169,2016-01-23 07:01:00,2016-01-23 01:01:00,"01/23/2016","100",52,"DERI","AHY","F",0
"478",171368602,30.831224,-93.3689182,2016-01-23 08:30:00,2016-01-23 02:30:00,"01/23/2016","100",52,"DERI","AHY","F",0
"479",171368602,30.8311846,-93.3689508,2016-01-23 10:00:00,2016-01-23 04:00:00,"01/23/2016","100",52,"DERI","AHY","F",0
"480",171368602,30.8311744,-93.3689072,2016-01-23 11:30:00,2016-01-23 05:30:00,"01/23/2016","100",52,"DERI","AHY","F",0
"481",171368602,30.830723,-93.3701802,2016-01-23 13:00:00,2016-01-23 07:00:00,"01/23/2016","100",52,"DERI","AHY","F",0
"483",171368602,30.8308209,-93.3699967,2016-01-23 16:00:00,2016-01-23 10:00:00,"01/23/2016","100",52,"DERI","AHY","F",0
"484",171368602,30.8306622,-93.3698027,2016-01-23 17:30:00,2016-01-23 11:30:00,"01/23/2016","100",52,"DERI","AHY","F",0
"485",171368602,30.8306601,-93.3698297,2016-01-23 19:00:00,2016-01-23 13:00:00,"01/23/2016","100",52,"DERI","AHY","F",0
"486",171368602,30.8308965,-93.3696167,2016-01-23 20:30:00,2016-01-23 14:30:00,"01/23/2016","100",52,"DERI","AHY","F",0
"487",171368602,30.8305821,-93.3698549,2016-01-23 22:00:00,2016-01-23 16:00:00,"01/23/2016","100",52,"DERI","AHY","F",0
"488",171368602,30.830624,-93.3704214,2016-01-23 23:30:00,2016-01-23 17:30:00,"01/23/2016","100",52,"DERI","AHY","F",0
"489",171368602,30.8300531,-93.3701353,2016-01-24 01:00:00,2016-01-23 19:00:00,"01/23/2016","100",52,"DERI","AHY","F",0
"490",171368602,30.8300763,-93.3700255,2016-01-24 02:30:00,2016-01-23 20:30:00,"01/23/2016","100",52,"DERI","AHY","F",0
"491",171368602,30.830098,-93.3701415,2016-01-24 04:00:00,2016-01-23 22:00:00,"01/23/2016","100",52,"DERI","AHY","F",0
"492",171368602,30.8300989,-93.3701636,2016-01-24 05:30:00,2016-01-23 23:30:00,"01/23/2016","100",52,"DERI","AHY","F",0
"493",171368602,30.8301632,-93.370077,2016-01-24 07:00:00,2016-01-24 01:00:00,"01/24/2016","100",59,"DERI","AHY","F",0
"494",171368602,30.8299018,-93.3700647,2016-01-24 08:30:00,2016-01-24 02:30:00,"01/24/2016","100",59,"DERI","AHY","F",0
"495",171368602,30.8303279,-93.370163,2016-01-24 10:00:00,2016-01-24 04:00:00,"01/24/2016","100",59,"DERI","AHY","F",0
"496",171368602,30.8303042,-93.3701114,2016-01-24 11:30:00,2016-01-24 05:30:00,"01/24/2016","100",59,"DERI","AHY","F",0
"497",171368602,30.8305733,-93.3699733,2016-01-24 13:00:00,2016-01-24 07:00:00,"01/24/2016","100",59,"DERI","AHY","F",0
"498",171368602,30.8305006,-93.3699549,2016-01-24 14:30:00,2016-01-24 08:30:00,"01/24/2016","100",59,"DERI","AHY","F",0
"499",171368602,30.8305861,-93.3698837,2016-01-24 16:00:00,2016-01-24 10:00:00,"01/24/2016","100",59,"DERI","AHY","F",0
"500",171368602,30.8312491,-93.3696541,2016-01-24 17:30:00,2016-01-24 11:30:00,"01/24/2016","100",59,"DERI","AHY","F",0
"501",171368602,30.8307385,-93.3698518,2016-01-24 19:00:00,2016-01-24 13:00:00,"01/24/2016","100",59,"DERI","AHY","F",0
"502",171368602,30.830613,-93.3698911,2016-01-24 20:30:00,2016-01-24 14:30:00,"01/24/2016","100",59,"DERI","AHY","F",0
"503",171368602,30.8304375,-93.3699475,2016-01-24 22:00:00,2016-01-24 16:00:00,"01/24/2016","100",59,"DERI","AHY","F",0
"504",171368602,30.8304944,-93.3699604,2016-01-24 23:30:00,2016-01-24 17:30:00,"01/24/2016","100",59,"DERI","AHY","F",0
"505",171368602,30.8302655,-93.3701157,2016-01-25 01:00:00,2016-01-24 19:00:00,"01/24/2016","100",59,"DERI","AHY","F",0
"506",171368602,30.8303493,-93.3700623,2016-01-25 02:30:00,2016-01-24 20:30:00,"01/24/2016","100",59,"DERI","AHY","F",0
"507",171368602,30.8303696,-93.3701611,2016-01-25 04:00:00,2016-01-24 22:00:00,"01/24/2016","100",59,"DERI","AHY","F",0
"508",171368602,30.8303764,-93.3702041,2016-01-25 05:30:00,2016-01-24 23:30:00,"01/24/2016","100",59,"DERI","AHY","F",0
"509",171368602,30.8304135,-93.3699512,2016-01-25 07:01:00,2016-01-25 01:01:00,"01/25/2016","98",71,"DERI","AHY","F",0
"510",171368602,30.8303249,-93.3701679,2016-01-25 08:30:00,2016-01-25 02:30:00,"01/25/2016","98",71,"DERI","AHY","F",0
"511",171368602,30.8301344,-93.3701715,2016-01-25 10:00:00,2016-01-25 04:00:00,"01/25/2016","98",71,"DERI","AHY","F",0
"512",171368602,30.8303185,-93.3701765,2016-01-25 11:30:00,2016-01-25 05:30:00,"01/25/2016","98",71,"DERI","AHY","F",0
"513",171368602,30.8301656,-93.3700512,2016-01-25 13:00:00,2016-01-25 07:00:00,"01/25/2016","98",71,"DERI","AHY","F",0
"514",171368602,30.8302856,-93.3700513,2016-01-25 14:31:00,2016-01-25 08:31:00,"01/25/2016","98",71,"DERI","AHY","F",0
"515",171368602,30.83053,-93.3697787,2016-01-25 16:00:00,2016-01-25 10:00:00,"01/25/2016","98",71,"DERI","AHY","F",0
"516",171368602,30.8304458,-93.3696431,2016-01-25 17:30:00,2016-01-25 11:30:00,"01/25/2016","98",71,"DERI","AHY","F",0
"517",171368602,30.8304544,-93.3697665,2016-01-25 19:00:00,2016-01-25 13:00:00,"01/25/2016","98",71,"DERI","AHY","F",0
"518",171368602,30.8304966,-93.369683,2016-01-25 20:30:00,2016-01-25 14:30:00,"01/25/2016","98",71,"DERI","AHY","F",0
"519",171368602,30.8305822,-93.369726,2016-01-25 22:00:00,2016-01-25 16:00:00,"01/25/2016","98",71,"DERI","AHY","F",0
"520",171368602,30.8303827,-93.3698585,2016-01-25 23:30:00,2016-01-25 17:30:00,"01/25/2016","98",71,"DERI","AHY","F",0
"521",171368602,30.8322656,-93.378683,2016-01-26 01:01:00,2016-01-25 19:01:00,"01/25/2016","98",71,"DERI","AHY","F",0
"522",171368602,30.8318561,-93.3862117,2016-01-26 02:30:00,2016-01-25 20:30:00,"01/25/2016","98",71,"DERI","AHY","F",0
"523",171368602,30.8317835,-93.386157,2016-01-26 04:00:00,2016-01-25 22:00:00,"01/25/2016","98",71,"DERI","AHY","F",0
"524",171368602,30.8465987,-93.28233,2016-01-26 05:30:00,2016-01-25 23:30:00,"01/25/2016","98",71,"DERI","AHY","F",0
"525",171368602,30.2494051,-93.0130775,2016-01-26 07:00:00,2016-01-26 01:00:00,"01/26/2016","95",62,"DERI","AHY","F",0.92
"526",171368602,30.4432616,-91.3466087,2016-01-26 08:30:00,2016-01-26 02:30:00,"01/26/2016","95",62,"DERI","AHY","F",0.92
"531",171368606,30.8354707,-93.3811055,2016-01-08 06:58:00,2016-01-08 00:58:00,"01/08/2016","3",61,"DERI","AHY","M",2.13
"532",171368606,30.8355067,-93.3811491,2016-01-08 08:30:00,2016-01-08 02:30:00,"01/08/2016","3",61,"DERI","AHY","M",2.13
"533",171368606,30.8355213,-93.381127,2016-01-08 10:00:00,2016-01-08 04:00:00,"01/08/2016","3",61,"DERI","AHY","M",2.13
"534",171368606,30.8355577,-93.3811528,2016-01-08 11:30:00,2016-01-08 05:30:00,"01/08/2016","3",61,"DERI","AHY","M",2.13
"535",171368606,30.8280533,-93.3678797,2016-01-08 13:00:00,2016-01-08 07:00:00,"01/08/2016","3",61,"DERI","AHY","M",2.13
"536",171368606,30.8282717,-93.3682977,2016-01-08 14:30:00,2016-01-08 08:30:00,"01/08/2016","3",61,"DERI","AHY","M",2.13
"537",171368606,30.8280763,-93.3681246,2016-01-08 16:00:00,2016-01-08 10:00:00,"01/08/2016","3",61,"DERI","AHY","M",2.13
"538",171368606,30.8281404,-93.367895,2016-01-08 17:30:00,2016-01-08 11:30:00,"01/08/2016","3",61,"DERI","AHY","M",2.13
"539",171368606,30.8282178,-93.3677981,2016-01-08 19:00:00,2016-01-08 13:00:00,"01/08/2016","3",61,"DERI","AHY","M",2.13
"540",171368606,30.8279765,-93.3678834,2016-01-08 20:30:00,2016-01-08 14:30:00,"01/08/2016","3",61,"DERI","AHY","M",2.13
"541",171368606,30.8280878,-93.3680061,2016-01-08 22:00:00,2016-01-08 16:00:00,"01/08/2016","3",61,"DERI","AHY","M",2.13
"542",171368606,30.8280934,-93.3680215,2016-01-08 23:30:00,2016-01-08 17:30:00,"01/08/2016","3",61,"DERI","AHY","M",2.13
"543",171368606,30.822684,-93.3663803,2016-01-09 01:00:00,2016-01-08 19:00:00,"01/08/2016","3",61,"DERI","AHY","M",2.13
"544",171368606,30.8226647,-93.3664091,2016-01-09 02:30:00,2016-01-08 20:30:00,"01/08/2016","3",61,"DERI","AHY","M",2.13
"545",171368606,30.8226996,-93.3663772,2016-01-09 04:00:00,2016-01-08 22:00:00,"01/08/2016","3",61,"DERI","AHY","M",2.13
"546",171368606,30.8225828,-93.366511,2016-01-09 05:30:00,2016-01-08 23:30:00,"01/08/2016","3",61,"DERI","AHY","M",2.13
"547",171368606,30.8225832,-93.3665091,2016-01-09 07:00:00,2016-01-09 01:00:00,"01/09/2016","1",63,"DERI","AHY","M",0.01
"548",171368606,30.8225578,-93.3666534,2016-01-09 08:30:00,2016-01-09 02:30:00,"01/09/2016","1",63,"DERI","AHY","M",0.01
"549",171368606,30.8225345,-93.3665435,2016-01-09 10:00:00,2016-01-09 04:00:00,"01/09/2016","1",63,"DERI","AHY","M",0.01
"550",171368606,30.8225703,-93.3665294,2016-01-09 11:30:00,2016-01-09 05:30:00,"01/09/2016","1",63,"DERI","AHY","M",0.01
"552",171368606,30.8281681,-93.3681491,2016-01-09 14:31:00,2016-01-09 08:31:00,"01/09/2016","1",63,"DERI","AHY","M",0.01
"553",171368606,30.8285812,-93.3682314,2016-01-09 16:00:00,2016-01-09 10:00:00,"01/09/2016","1",63,"DERI","AHY","M",0.01
"554",171368606,30.8285111,-93.3683664,2016-01-09 17:31:00,2016-01-09 11:31:00,"01/09/2016","1",63,"DERI","AHY","M",0.01
"555",171368606,30.8284067,-93.3683388,2016-01-09 19:00:00,2016-01-09 13:00:00,"01/09/2016","1",63,"DERI","AHY","M",0.01
"556",171368606,30.8284854,-93.3676575,2016-01-09 20:30:00,2016-01-09 14:30:00,"01/09/2016","1",63,"DERI","AHY","M",0.01
"558",171368606,30.8287627,-93.3677993,2016-01-09 23:31:00,2016-01-09 17:31:00,"01/09/2016","1",63,"DERI","AHY","M",0.01
"559",171368606,30.8229875,-93.3753266,2016-01-10 01:00:00,2016-01-09 19:00:00,"01/09/2016","1",63,"DERI","AHY","M",0.01
"560",171368606,30.823083,-93.3752904,2016-01-10 02:30:00,2016-01-09 20:30:00,"01/09/2016","1",63,"DERI","AHY","M",0.01
"561",171368606,30.8230127,-93.375307,2016-01-10 04:00:00,2016-01-09 22:00:00,"01/09/2016","1",63,"DERI","AHY","M",0.01
"562",171368606,30.8230305,-93.3753376,2016-01-10 05:30:00,2016-01-09 23:30:00,"01/09/2016","1",63,"DERI","AHY","M",0.01
"563",171368606,30.8230166,-93.3752824,2016-01-10 07:00:00,2016-01-10 01:00:00,"01/10/2016","1",48,"DERI","AHY","M",0
"564",171368606,30.8229884,-93.3754052,2016-01-10 08:30:00,2016-01-10 02:30:00,"01/10/2016","1",48,"DERI","AHY","M",0
"565",171368606,30.822969,-93.3753241,2016-01-10 10:00:00,2016-01-10 04:00:00,"01/10/2016","1",48,"DERI","AHY","M",0
"566",171368606,30.8230335,-93.3752836,2016-01-10 11:30:00,2016-01-10 05:30:00,"01/10/2016","1",48,"DERI","AHY","M",0
"567",171368606,30.8241711,-93.3691568,2016-01-10 13:00:00,2016-01-10 07:00:00,"01/10/2016","1",48,"DERI","AHY","M",0
"568",171368606,30.8236817,-93.3691267,2016-01-10 14:30:00,2016-01-10 08:30:00,"01/10/2016","1",48,"DERI","AHY","M",0
"569",171368606,30.8241703,-93.3691881,2016-01-10 16:00:00,2016-01-10 10:00:00,"01/10/2016","1",48,"DERI","AHY","M",0
"570",171368606,30.8242345,-93.369854,2016-01-10 17:30:00,2016-01-10 11:30:00,"01/10/2016","1",48,"DERI","AHY","M",0
"571",171368606,30.8240775,-93.3690347,2016-01-10 19:00:00,2016-01-10 13:00:00,"01/10/2016","1",48,"DERI","AHY","M",0
"572",171368606,30.8240704,-93.3688401,2016-01-10 20:30:00,2016-01-10 14:30:00,"01/10/2016","1",48,"DERI","AHY","M",0
"573",171368606,30.8241268,-93.3690893,2016-01-10 22:00:00,2016-01-10 16:00:00,"01/10/2016","1",48,"DERI","AHY","M",0
"574",171368606,30.8241351,-93.369274,2016-01-10 23:31:00,2016-01-10 17:31:00,"01/10/2016","1",48,"DERI","AHY","M",0
"575",171368606,30.8241323,-93.369131,2016-01-11 01:00:00,2016-01-10 19:00:00,"01/10/2016","1",48,"DERI","AHY","M",0
"576",171368606,30.8241135,-93.369139,2016-01-11 02:30:00,2016-01-10 20:30:00,"01/10/2016","1",48,"DERI","AHY","M",0
"577",171368606,30.8241239,-93.3690911,2016-01-11 04:00:00,2016-01-10 22:00:00,"01/10/2016","1",48,"DERI","AHY","M",0
"578",171368606,30.8242112,-93.3694551,2016-01-11 05:30:00,2016-01-10 23:30:00,"01/10/2016","1",48,"DERI","AHY","M",0
"579",171368606,30.8241893,-93.3691408,2016-01-11 07:00:00,2016-01-11 01:00:00,"01/11/2016","3",52,"DERI","AHY","M",0
"580",171368606,30.8240934,-93.3696275,2016-01-11 08:30:00,2016-01-11 02:30:00,"01/11/2016","3",52,"DERI","AHY","M",0
"581",171368606,30.8239534,-93.3689653,2016-01-11 10:00:00,2016-01-11 04:00:00,"01/11/2016","3",52,"DERI","AHY","M",0
"582",171368606,30.8241096,-93.3692157,2016-01-11 11:30:00,2016-01-11 05:30:00,"01/11/2016","3",52,"DERI","AHY","M",0
"583",171368606,30.8239767,-93.3691261,2016-01-11 13:00:00,2016-01-11 07:00:00,"01/11/2016","3",52,"DERI","AHY","M",0
"584",171368606,30.8240857,-93.3692888,2016-01-11 14:30:00,2016-01-11 08:30:00,"01/11/2016","3",52,"DERI","AHY","M",0
"585",171368606,30.8240338,-93.3691083,2016-01-11 16:00:00,2016-01-11 10:00:00,"01/11/2016","3",52,"DERI","AHY","M",0
"586",171368606,30.8240091,-93.3692894,2016-01-11 17:30:00,2016-01-11 11:30:00,"01/11/2016","3",52,"DERI","AHY","M",0
"587",171368606,30.8241342,-93.3691679,2016-01-11 19:00:00,2016-01-11 13:00:00,"01/11/2016","3",52,"DERI","AHY","M",0
"588",171368606,30.8241531,-93.3691077,2016-01-11 20:30:00,2016-01-11 14:30:00,"01/11/2016","3",52,"DERI","AHY","M",0
"589",171368606,30.8240571,-93.3691126,2016-01-11 22:00:00,2016-01-11 16:00:00,"01/11/2016","3",52,"DERI","AHY","M",0
"590",171368606,30.8239726,-93.3690205,2016-01-11 23:30:00,2016-01-11 17:30:00,"01/11/2016","3",52,"DERI","AHY","M",0
"591",171368606,30.831461,-93.3862392,2016-01-12 01:00:00,2016-01-11 19:00:00,"01/11/2016","3",52,"DERI","AHY","M",0
"592",171368606,30.8318805,-93.3849429,2016-01-12 02:30:00,2016-01-11 20:30:00,"01/11/2016","3",52,"DERI","AHY","M",0
"593",171368610,30.8318261,-93.3861889,2016-01-26 00:02:00,2016-01-25 18:02:00,"01/25/2016","98",71,"DERI","HY","M",0
"594",171368610,30.8318185,-93.386235,2016-01-26 01:06:00,2016-01-25 19:06:00,"01/25/2016","98",71,"DERI","HY","M",0
"595",171368610,30.8306613,-93.3849304,2016-01-26 02:07:00,2016-01-25 20:07:00,"01/25/2016","98",71,"DERI","HY","M",0
"596",171368610,30.8318886,-93.3817997,2016-01-26 03:06:00,2016-01-25 21:06:00,"01/25/2016","98",71,"DERI","HY","M",0
"597",171368610,30.8320044,-93.3810927,2016-01-26 04:06:00,2016-01-25 22:06:00,"01/25/2016","98",71,"DERI","HY","M",0
"598",171368610,30.8319935,-93.3810976,2016-01-26 05:06:00,2016-01-25 23:06:00,"01/25/2016","98",71,"DERI","HY","M",0
"599",171368610,30.8319807,-93.3811105,2016-01-26 06:06:00,2016-01-26 00:06:00,"01/26/2016","95",62,"DERI","HY","M",0.92
"600",171368610,30.8319974,-93.3811829,2016-01-26 07:06:00,2016-01-26 01:06:00,"01/26/2016","95",62,"DERI","HY","M",0.92
"601",171368610,30.8319855,-93.3811081,2016-01-26 08:06:00,2016-01-26 02:06:00,"01/26/2016","95",62,"DERI","HY","M",0.92
"602",171368610,30.8319682,-93.3811246,2016-01-26 09:06:00,2016-01-26 03:06:00,"01/26/2016","95",62,"DERI","HY","M",0.92
"603",171368610,30.8319449,-93.3811246,2016-01-26 10:06:00,2016-01-26 04:06:00,"01/26/2016","95",62,"DERI","HY","M",0.92
"604",171368610,30.8319901,-93.3811087,2016-01-26 11:06:00,2016-01-26 05:06:00,"01/26/2016","95",62,"DERI","HY","M",0.92
"605",171368610,30.8320037,-93.381121,2016-01-26 12:06:00,2016-01-26 06:06:00,"01/26/2016","95",62,"DERI","HY","M",0.92
"606",171368610,30.8227431,-93.3812938,2016-01-26 13:06:00,2016-01-26 07:06:00,"01/26/2016","95",62,"DERI","HY","M",0.92
"607",171368610,30.8227268,-93.3813251,2016-01-26 14:06:00,2016-01-26 08:06:00,"01/26/2016","95",62,"DERI","HY","M",0.92
"608",171368610,30.8226985,-93.3812049,2016-01-26 15:06:00,2016-01-26 09:06:00,"01/26/2016","95",62,"DERI","HY","M",0.92
"609",171368610,30.8229097,-93.3812735,2016-01-26 16:06:00,2016-01-26 10:06:00,"01/26/2016","95",62,"DERI","HY","M",0.92
"610",171368610,30.8227012,-93.3813668,2016-01-26 17:06:00,2016-01-26 11:06:00,"01/26/2016","95",62,"DERI","HY","M",0.92
"611",171368610,30.822689,-93.3811925,2016-01-26 18:06:00,2016-01-26 12:06:00,"01/26/2016","95",62,"DERI","HY","M",0.92
"612",171368610,30.8238585,-93.3791901,2016-01-26 19:06:00,2016-01-26 13:06:00,"01/26/2016","95",62,"DERI","HY","M",0.92
"613",171368610,30.8228364,-93.3810663,2016-01-26 20:06:00,2016-01-26 14:06:00,"01/26/2016","95",62,"DERI","HY","M",0.92
"614",171368610,30.8232782,-93.3808055,2016-01-26 21:06:00,2016-01-26 15:06:00,"01/26/2016","95",62,"DERI","HY","M",0.92
"615",171368610,30.822357,-93.3807673,2016-01-26 22:06:00,2016-01-26 16:06:00,"01/26/2016","95",62,"DERI","HY","M",0.92
"616",171368610,30.8224475,-93.3810883,2016-01-26 23:06:00,2016-01-26 17:06:00,"01/26/2016","95",62,"DERI","HY","M",0.92
"617",171368610,30.8210744,-93.3845051,2016-01-27 00:06:00,2016-01-26 18:06:00,"01/26/2016","95",62,"DERI","HY","M",0.92
"618",171368610,30.8190033,-93.3882901,2016-01-27 01:06:00,2016-01-26 19:06:00,"01/26/2016","95",62,"DERI","HY","M",0.92
"619",171368610,30.8190104,-93.3883067,2016-01-27 02:06:00,2016-01-26 20:06:00,"01/26/2016","95",62,"DERI","HY","M",0.92
"620",171368610,30.81903,-93.3883282,2016-01-27 03:06:00,2016-01-26 21:06:00,"01/26/2016","95",62,"DERI","HY","M",0.92
"621",171368610,30.819049,-93.3883098,2016-01-27 04:06:00,2016-01-26 22:06:00,"01/26/2016","95",62,"DERI","HY","M",0.92
"622",171368610,30.81891,-93.3882962,2016-01-27 05:06:00,2016-01-26 23:06:00,"01/26/2016","95",62,"DERI","HY","M",0.92
"623",171368610,30.8191572,-93.3884908,2016-01-27 06:06:00,2016-01-27 00:06:00,"01/27/2016","89",51,"DERI","HY","M",0
"624",171368610,30.8189749,-93.3883595,2016-01-27 07:06:00,2016-01-27 01:06:00,"01/27/2016","89",51,"DERI","HY","M",0
"625",171368610,30.8189814,-93.3883551,2016-01-27 08:06:00,2016-01-27 02:06:00,"01/27/2016","89",51,"DERI","HY","M",0
"626",171368610,30.81902,-93.3883509,2016-01-27 09:06:00,2016-01-27 03:06:00,"01/27/2016","89",51,"DERI","HY","M",0
"627",171368610,30.8189298,-93.3883189,2016-01-27 10:06:00,2016-01-27 04:06:00,"01/27/2016","89",51,"DERI","HY","M",0
"628",171368610,30.8189183,-93.3883361,2016-01-27 11:06:00,2016-01-27 05:06:00,"01/27/2016","89",51,"DERI","HY","M",0
"629",171368610,30.8189318,-93.3883557,2016-01-27 12:06:00,2016-01-27 06:06:00,"01/27/2016","89",51,"DERI","HY","M",0
"630",171368610,30.8176573,-93.3814219,2016-01-27 13:06:00,2016-01-27 07:06:00,"01/27/2016","89",51,"DERI","HY","M",0
"631",171368610,30.8174277,-93.3814391,2016-01-27 14:07:00,2016-01-27 08:07:00,"01/27/2016","89",51,"DERI","HY","M",0
"632",171368610,30.817249,-93.3813544,2016-01-27 15:06:00,2016-01-27 09:06:00,"01/27/2016","89",51,"DERI","HY","M",0
"633",171368610,30.8171603,-93.381396,2016-01-27 16:06:00,2016-01-27 10:06:00,"01/27/2016","89",51,"DERI","HY","M",0
"634",171368610,30.8172187,-93.3814709,2016-01-27 17:06:00,2016-01-27 11:06:00,"01/27/2016","89",51,"DERI","HY","M",0
"635",171368610,30.8173664,-93.381544,2016-01-27 18:06:00,2016-01-27 12:06:00,"01/27/2016","89",51,"DERI","HY","M",0
"636",171368610,30.8172843,-93.3814335,2016-01-27 19:06:00,2016-01-27 13:06:00,"01/27/2016","89",51,"DERI","HY","M",0
"637",171368610,30.8174146,-93.3812586,2016-01-27 20:06:00,2016-01-27 14:06:00,"01/27/2016","89",51,"DERI","HY","M",0
"638",171368610,30.8171868,-93.3814023,2016-01-27 21:06:00,2016-01-27 15:06:00,"01/27/2016","89",51,"DERI","HY","M",0
"639",171368610,30.8174057,-93.3814667,2016-01-27 22:06:00,2016-01-27 16:06:00,"01/27/2016","89",51,"DERI","HY","M",0
"640",171368610,30.8172758,-93.381336,2016-01-27 23:06:00,2016-01-27 17:06:00,"01/27/2016","89",51,"DERI","HY","M",0
"642",171368610,30.8316588,-93.3812934,2016-01-28 01:06:00,2016-01-27 19:06:00,"01/27/2016","89",51,"DERI","HY","M",0
"643",171368610,30.8316708,-93.381523,2016-01-28 02:06:00,2016-01-27 20:06:00,"01/27/2016","89",51,"DERI","HY","M",0
"644",171368610,30.8318412,-93.3813407,2016-01-28 03:06:00,2016-01-27 21:06:00,"01/27/2016","89",51,"DERI","HY","M",0
"645",171368610,30.8316953,-93.3813161,2016-01-28 04:06:00,2016-01-27 22:06:00,"01/27/2016","89",51,"DERI","HY","M",0
"646",171368610,30.8317002,-93.3813063,2016-01-28 05:06:00,2016-01-27 23:06:00,"01/27/2016","89",51,"DERI","HY","M",0
"647",171368610,30.8315894,-93.3812264,2016-01-28 06:06:00,2016-01-28 00:06:00,"01/28/2016","82",62,"DERI","HY","M",0
"648",171368610,30.83173,-93.3813511,2016-01-28 07:06:00,2016-01-28 01:06:00,"01/28/2016","82",62,"DERI","HY","M",0
"649",171368610,30.8316331,-93.3814279,2016-01-28 08:06:00,2016-01-28 02:06:00,"01/28/2016","82",62,"DERI","HY","M",0
"650",171368610,30.8317998,-93.3815217,2016-01-28 09:06:00,2016-01-28 03:06:00,"01/28/2016","82",62,"DERI","HY","M",0
"651",171368610,30.8318029,-93.3815211,2016-01-28 10:06:00,2016-01-28 04:06:00,"01/28/2016","82",62,"DERI","HY","M",0
"652",171368610,30.8317937,-93.3815199,2016-01-28 11:06:00,2016-01-28 05:06:00,"01/28/2016","82",62,"DERI","HY","M",0
"653",171368610,30.8317396,-93.3815168,2016-01-28 12:06:00,2016-01-28 06:06:00,"01/28/2016","82",62,"DERI","HY","M",0
"654",171368610,30.8174238,-93.3814753,2016-01-28 13:06:00,2016-01-28 07:06:00,"01/28/2016","82",62,"DERI","HY","M",0
"655",171368610,30.8173371,-93.3814857,2016-01-28 14:06:00,2016-01-28 08:06:00,"01/28/2016","82",62,"DERI","HY","M",0
"656",171368610,30.817436,-93.3814299,2016-01-28 15:06:00,2016-01-28 09:06:00,"01/28/2016","82",62,"DERI","HY","M",0
"657",171368610,30.8172922,-93.381536,2016-01-28 16:06:00,2016-01-28 10:06:00,"01/28/2016","82",62,"DERI","HY","M",0
"658",171368610,30.8174414,-93.3821211,2016-01-28 17:06:00,2016-01-28 11:06:00,"01/28/2016","82",62,"DERI","HY","M",0
"659",171368610,30.816824,-93.380549,2016-01-28 18:06:00,2016-01-28 12:06:00,"01/28/2016","82",62,"DERI","HY","M",0
"660",171368610,30.8173873,-93.3812746,2016-01-28 19:06:00,2016-01-28 13:06:00,"01/28/2016","82",62,"DERI","HY","M",0
"661",171368610,30.8172533,-93.3806509,2016-01-28 20:06:00,2016-01-28 14:06:00,"01/28/2016","82",62,"DERI","HY","M",0
"662",171368610,30.8173885,-93.3815207,2016-01-28 21:06:00,2016-01-28 15:06:00,"01/28/2016","82",62,"DERI","HY","M",0
"663",171368610,30.817116,-93.3813849,2016-01-28 22:06:00,2016-01-28 16:06:00,"01/28/2016","82",62,"DERI","HY","M",0
"664",171368610,30.8174459,-93.3816675,2016-01-28 23:06:00,2016-01-28 17:06:00,"01/28/2016","82",62,"DERI","HY","M",0
"665",171368610,30.8173764,-93.3814373,2016-01-29 00:06:00,2016-01-28 18:06:00,"01/28/2016","82",62,"DERI","HY","M",0
"666",171368611,30.831761,-93.3861331,2016-01-26 00:06:00,2016-01-25 18:06:00,"01/25/2016","98",71,"DERI","AHY","F",0
"667",171368611,30.8317688,-93.3861822,2016-01-26 01:06:00,2016-01-25 19:06:00,"01/25/2016","98",71,"DERI","AHY","F",0
"668",171368611,30.8306586,-93.3848409,2016-01-26 02:06:00,2016-01-25 20:06:00,"01/25/2016","98",71,"DERI","AHY","F",0
"669",171368611,30.831878,-93.3818464,2016-01-26 03:06:00,2016-01-25 21:06:00,"01/25/2016","98",71,"DERI","AHY","F",0
"670",171368611,30.8293664,-93.380953,2016-01-26 04:06:00,2016-01-25 22:06:00,"01/25/2016","98",71,"DERI","AHY","F",0
"671",171368611,30.8293502,-93.3810984,2016-01-26 05:06:00,2016-01-25 23:06:00,"01/25/2016","98",71,"DERI","AHY","F",0
"672",171368611,30.8293359,-93.3811101,2016-01-26 06:06:00,2016-01-26 00:06:00,"01/26/2016","95",62,"DERI","AHY","F",0.92
"673",171368611,30.8293567,-93.3811433,2016-01-26 07:06:00,2016-01-26 01:06:00,"01/26/2016","95",62,"DERI","AHY","F",0.92
"674",171368611,30.8293321,-93.3811954,2016-01-26 08:06:00,2016-01-26 02:06:00,"01/26/2016","95",62,"DERI","AHY","F",0.92
"675",171368611,30.8292501,-93.3812397,2016-01-26 09:06:00,2016-01-26 03:06:00,"01/26/2016","95",62,"DERI","AHY","F",0.92
"676",171368611,30.8292671,-93.3814073,2016-01-26 10:06:00,2016-01-26 04:06:00,"01/26/2016","95",62,"DERI","AHY","F",0.92
"677",171368611,30.8291265,-93.3811322,2016-01-26 11:06:00,2016-01-26 05:06:00,"01/26/2016","95",62,"DERI","AHY","F",0.92
"678",171368611,30.8289525,-93.3811579,2016-01-26 12:06:00,2016-01-26 06:06:00,"01/26/2016","95",62,"DERI","AHY","F",0.92
"679",171368611,30.8156958,-93.3809828,2016-01-26 13:06:00,2016-01-26 07:06:00,"01/26/2016","95",62,"DERI","AHY","F",0.92
"680",171368611,30.8159808,-93.3809398,2016-01-26 14:06:00,2016-01-26 08:06:00,"01/26/2016","95",62,"DERI","AHY","F",0.92
"681",171368611,30.8158346,-93.3809154,2016-01-26 15:07:00,2016-01-26 09:07:00,"01/26/2016","95",62,"DERI","AHY","F",0.92
"682",171368611,30.8156818,-93.3809841,2016-01-26 16:06:00,2016-01-26 10:06:00,"01/26/2016","95",62,"DERI","AHY","F",0.92
"683",171368611,30.8158525,-93.3810111,2016-01-26 17:06:00,2016-01-26 11:06:00,"01/26/2016","95",62,"DERI","AHY","F",0.92
"684",171368611,30.8159953,-93.3806847,2016-01-26 18:06:00,2016-01-26 12:06:00,"01/26/2016","95",62,"DERI","AHY","F",0.92
"685",171368611,30.8158773,-93.3809068,2016-01-26 19:06:00,2016-01-26 13:06:00,"01/26/2016","95",62,"DERI","AHY","F",0.92
"686",171368611,30.8158823,-93.3813813,2016-01-26 20:06:00,2016-01-26 14:06:00,"01/26/2016","95",62,"DERI","AHY","F",0.92
"687",171368611,30.8159318,-93.3808399,2016-01-26 21:06:00,2016-01-26 15:06:00,"01/26/2016","95",62,"DERI","AHY","F",0.92
"688",171368611,30.8159494,-93.3808577,2016-01-26 22:06:00,2016-01-26 16:06:00,"01/26/2016","95",62,"DERI","AHY","F",0.92
"689",171368611,30.8149534,-93.3809613,2016-01-26 23:06:00,2016-01-26 17:06:00,"01/26/2016","95",62,"DERI","AHY","F",0.92
"690",171368611,30.814502,-93.3805675,2016-01-27 00:06:00,2016-01-26 18:06:00,"01/26/2016","95",62,"DERI","AHY","F",0.92
"691",171368611,30.8148792,-93.3814682,2016-01-27 01:06:00,2016-01-26 19:06:00,"01/26/2016","95",62,"DERI","AHY","F",0.92
"692",171368611,30.8151186,-93.38178,2016-01-27 02:06:00,2016-01-26 20:06:00,"01/26/2016","95",62,"DERI","AHY","F",0.92
"693",171368611,30.8151993,-93.3814351,2016-01-27 03:06:00,2016-01-26 21:06:00,"01/26/2016","95",62,"DERI","AHY","F",0.92
"694",171368611,30.8150817,-93.3813209,2016-01-27 04:06:00,2016-01-26 22:06:00,"01/26/2016","95",62,"DERI","AHY","F",0.92
"695",171368611,30.8149436,-93.3812571,2016-01-27 05:06:00,2016-01-26 23:06:00,"01/26/2016","95",62,"DERI","AHY","F",0.92
"696",171368611,30.814996,-93.3813301,2016-01-27 06:06:00,2016-01-27 00:06:00,"01/27/2016","89",51,"DERI","AHY","F",0
"697",171368611,30.8149509,-93.3813387,2016-01-27 07:06:00,2016-01-27 01:06:00,"01/27/2016","89",51,"DERI","AHY","F",0
"698",171368611,30.8149941,-93.3813367,2016-01-27 08:06:00,2016-01-27 02:06:00,"01/27/2016","89",51,"DERI","AHY","F",0
"699",171368611,30.8148517,-93.3813183,2016-01-27 09:06:00,2016-01-27 03:06:00,"01/27/2016","89",51,"DERI","AHY","F",0
"700",171368611,30.8149484,-93.3814558,2016-01-27 10:06:00,2016-01-27 04:06:00,"01/27/2016","89",51,"DERI","AHY","F",0
"701",171368611,30.8150341,-93.3815173,2016-01-27 11:06:00,2016-01-27 05:06:00,"01/27/2016","89",51,"DERI","AHY","F",0
"702",171368611,30.8152091,-93.3813922,2016-01-27 12:06:00,2016-01-27 06:06:00,"01/27/2016","89",51,"DERI","AHY","F",0
"703",171368611,30.8149676,-93.3813171,2016-01-27 13:06:00,2016-01-27 07:06:00,"01/27/2016","89",51,"DERI","AHY","F",0
"704",171368611,30.8149491,-93.3812539,2016-01-27 14:06:00,2016-01-27 08:06:00,"01/27/2016","89",51,"DERI","AHY","F",0
"705",171368611,30.8148071,-93.3812337,2016-01-27 15:06:00,2016-01-27 09:06:00,"01/27/2016","89",51,"DERI","AHY","F",0
"706",171368611,30.8151381,-93.3812982,2016-01-27 16:06:00,2016-01-27 10:06:00,"01/27/2016","89",51,"DERI","AHY","F",0
"707",171368611,30.8149253,-93.3813197,2016-01-27 17:06:00,2016-01-27 11:06:00,"01/27/2016","89",51,"DERI","AHY","F",0
"708",171368611,30.8149412,-93.3813294,2016-01-27 18:06:00,2016-01-27 12:06:00,"01/27/2016","89",51,"DERI","AHY","F",0
"709",171368611,30.8152539,-93.3816835,2016-01-27 19:06:00,2016-01-27 13:06:00,"01/27/2016","89",51,"DERI","AHY","F",0
"710",171368611,30.8149719,-93.3813847,2016-01-27 20:06:00,2016-01-27 14:06:00,"01/27/2016","89",51,"DERI","AHY","F",0
"711",171368611,30.8148028,-93.3797647,2016-01-27 21:06:00,2016-01-27 15:06:00,"01/27/2016","89",51,"DERI","AHY","F",0
"712",171368611,30.8149716,-93.3813951,2016-01-27 22:06:00,2016-01-27 16:06:00,"01/27/2016","89",51,"DERI","AHY","F",0
"713",171368611,30.8149166,-93.3814264,2016-01-27 23:06:00,2016-01-27 17:06:00,"01/27/2016","89",51,"DERI","AHY","F",0
"714",171368611,30.8153853,-93.3818328,2016-01-28 00:06:00,2016-01-27 18:06:00,"01/27/2016","89",51,"DERI","AHY","F",0
"715",171368611,30.8133054,-93.3784622,2016-01-28 01:06:00,2016-01-27 19:06:00,"01/27/2016","89",51,"DERI","AHY","F",0
"716",171368611,30.8130524,-93.3789641,2016-01-28 02:06:00,2016-01-27 20:06:00,"01/27/2016","89",51,"DERI","AHY","F",0
"717",171368611,30.812953,-93.3789917,2016-01-28 03:06:00,2016-01-27 21:06:00,"01/27/2016","89",51,"DERI","AHY","F",0
"718",171368611,30.8129977,-93.3789893,2016-01-28 04:06:00,2016-01-27 22:06:00,"01/27/2016","89",51,"DERI","AHY","F",0
"719",171368611,30.8129962,-93.3789273,2016-01-28 05:06:00,2016-01-27 23:06:00,"01/27/2016","89",51,"DERI","AHY","F",0
"720",171368611,30.8129981,-93.3788543,2016-01-28 06:06:00,2016-01-28 00:06:00,"01/28/2016","82",62,"DERI","AHY","F",0
"721",171368611,30.81293,-93.3786818,2016-01-28 07:06:00,2016-01-28 01:06:00,"01/28/2016","82",62,"DERI","AHY","F",0
"722",171368611,30.8129033,-93.3785149,2016-01-28 08:06:00,2016-01-28 02:06:00,"01/28/2016","82",62,"DERI","AHY","F",0
"723",171368611,30.8129277,-93.3787119,2016-01-28 09:06:00,2016-01-28 03:06:00,"01/28/2016","82",62,"DERI","AHY","F",0
"724",171368611,30.8134246,-93.3796508,2016-01-28 10:06:00,2016-01-28 04:06:00,"01/28/2016","82",62,"DERI","AHY","F",0
"725",171368611,30.8133996,-93.3796558,2016-01-28 11:06:00,2016-01-28 05:06:00,"01/28/2016","82",62,"DERI","AHY","F",0
"726",171368611,30.8135116,-93.3797515,2016-01-28 12:06:00,2016-01-28 06:06:00,"01/28/2016","82",62,"DERI","AHY","F",0
"727",171368611,30.8150338,-93.3813123,2016-01-28 13:06:00,2016-01-28 07:06:00,"01/28/2016","82",62,"DERI","AHY","F",0
"728",171368611,30.8152714,-93.3810766,2016-01-28 14:06:00,2016-01-28 08:06:00,"01/28/2016","82",62,"DERI","AHY","F",0
"729",171368611,30.8145516,-93.3813853,2016-01-28 15:06:00,2016-01-28 09:06:00,"01/28/2016","82",62,"DERI","AHY","F",0
"730",171368611,30.8142566,-93.3835503,2016-01-28 16:07:00,2016-01-28 10:07:00,"01/28/2016","82",62,"DERI","AHY","F",0
"731",171368611,30.8149591,-93.3813295,2016-01-28 17:06:00,2016-01-28 11:06:00,"01/28/2016","82",62,"DERI","AHY","F",0
"732",171368611,30.8150197,-93.3814497,2016-01-28 18:06:00,2016-01-28 12:06:00,"01/28/2016","82",62,"DERI","AHY","F",0
"733",171368611,30.8151398,-93.3810751,2016-01-28 19:06:00,2016-01-28 13:06:00,"01/28/2016","82",62,"DERI","AHY","F",0
"734",171368611,30.8148733,-93.3813852,2016-01-28 20:06:00,2016-01-28 14:06:00,"01/28/2016","82",62,"DERI","AHY","F",0
"735",171368611,30.8148547,-93.3813583,2016-01-28 21:06:00,2016-01-28 15:06:00,"01/28/2016","82",62,"DERI","AHY","F",0
"736",171368611,30.814952,-93.3816081,2016-01-28 22:06:00,2016-01-28 16:06:00,"01/28/2016","82",62,"DERI","AHY","F",0
"739",171368616,30.8200499,-93.3794799,2016-01-28 05:56:00,2016-01-27 23:56:00,"01/27/2016","89",51,"DERI","AHY","M",0
"740",171368616,30.8201973,-93.3792988,2016-01-28 07:00:00,2016-01-28 01:00:00,"01/28/2016","82",62,"DERI","AHY","M",0
"741",171368616,30.8200339,-93.3794443,2016-01-28 08:00:00,2016-01-28 02:00:00,"01/28/2016","82",62,"DERI","AHY","M",0
"742",171368616,30.8198317,-93.3794915,2016-01-28 09:00:00,2016-01-28 03:00:00,"01/28/2016","82",62,"DERI","AHY","M",0
"743",171368616,30.8204676,-93.3798133,2016-01-28 10:00:00,2016-01-28 04:00:00,"01/28/2016","82",62,"DERI","AHY","M",0
"744",171368616,30.8200851,-93.3793652,2016-01-28 11:00:00,2016-01-28 05:00:00,"01/28/2016","82",62,"DERI","AHY","M",0
"745",171368616,30.8200121,-93.3793805,2016-01-28 12:00:00,2016-01-28 06:00:00,"01/28/2016","82",62,"DERI","AHY","M",0
"746",171368616,30.8194415,-93.3821525,2016-01-28 13:00:00,2016-01-28 07:00:00,"01/28/2016","82",62,"DERI","AHY","M",0
"747",171368616,30.8194197,-93.3821943,2016-01-28 14:00:00,2016-01-28 08:00:00,"01/28/2016","82",62,"DERI","AHY","M",0
"748",171368616,30.8196042,-93.3824128,2016-01-28 15:00:00,2016-01-28 09:00:00,"01/28/2016","82",62,"DERI","AHY","M",0
"749",171368616,30.8194835,-93.3821936,2016-01-28 16:00:00,2016-01-28 10:00:00,"01/28/2016","82",62,"DERI","AHY","M",0
"750",171368616,30.8194984,-93.3822942,2016-01-28 17:00:00,2016-01-28 11:00:00,"01/28/2016","82",62,"DERI","AHY","M",0
"751",171368616,30.819487,-93.3820653,2016-01-28 18:00:00,2016-01-28 12:00:00,"01/28/2016","82",62,"DERI","AHY","M",0
"752",171368616,30.818743,-93.3825997,2016-01-28 19:00:00,2016-01-28 13:00:00,"01/28/2016","82",62,"DERI","AHY","M",0
"753",171368616,30.8196242,-93.3825871,2016-01-28 20:00:00,2016-01-28 14:00:00,"01/28/2016","82",62,"DERI","AHY","M",0
"754",171368616,30.8195639,-93.3820703,2016-01-28 21:00:00,2016-01-28 15:00:00,"01/28/2016","82",62,"DERI","AHY","M",0
"755",171368616,30.8194466,-93.3820672,2016-01-28 22:00:00,2016-01-28 16:00:00,"01/28/2016","82",62,"DERI","AHY","M",0
"756",171368616,30.8194287,-93.3819831,2016-01-28 23:01:00,2016-01-28 17:01:00,"01/28/2016","82",62,"DERI","AHY","M",0
"757",171368616,30.8195648,-93.382198,2016-01-29 00:00:00,2016-01-28 18:00:00,"01/28/2016","82",62,"DERI","AHY","M",0
"758",171368616,30.8194258,-93.3819126,2016-01-29 01:00:00,2016-01-28 19:00:00,"01/28/2016","82",62,"DERI","AHY","M",0
"759",171368616,30.8193817,-93.3819807,2016-01-29 02:00:00,2016-01-28 20:00:00,"01/28/2016","82",62,"DERI","AHY","M",0
"760",171368616,30.8193078,-93.382123,2016-01-29 03:00:00,2016-01-28 21:00:00,"01/28/2016","82",62,"DERI","AHY","M",0
"761",171368616,30.8192822,-93.3820315,2016-01-29 04:00:00,2016-01-28 22:00:00,"01/28/2016","82",62,"DERI","AHY","M",0
"762",171368616,30.8193309,-93.3819523,2016-01-29 05:00:00,2016-01-28 23:00:00,"01/28/2016","82",62,"DERI","AHY","M",0
"763",171368616,30.8194379,-93.3821232,2016-01-29 06:00:00,2016-01-29 00:00:00,"01/29/2016","74",73,"DERI","AHY","M",0
"764",171368616,30.819375,-93.3819015,2016-01-29 07:00:00,2016-01-29 01:00:00,"01/29/2016","74",73,"DERI","AHY","M",0
"765",171368616,30.8193762,-93.3820911,2016-01-29 08:00:00,2016-01-29 02:00:00,"01/29/2016","74",73,"DERI","AHY","M",0
"766",171368616,30.8191347,-93.3818106,2016-01-29 09:00:00,2016-01-29 03:00:00,"01/29/2016","74",73,"DERI","AHY","M",0
"767",171368616,30.8194836,-93.3818868,2016-01-29 10:00:00,2016-01-29 04:00:00,"01/29/2016","74",73,"DERI","AHY","M",0
"768",171368616,30.8193578,-93.3820365,2016-01-29 11:00:00,2016-01-29 05:00:00,"01/29/2016","74",73,"DERI","AHY","M",0
"769",171368616,30.8194239,-93.3820304,2016-01-29 12:00:00,2016-01-29 06:00:00,"01/29/2016","74",73,"DERI","AHY","M",0
"770",171368616,30.8196637,-93.3825067,2016-01-29 13:00:00,2016-01-29 07:00:00,"01/29/2016","74",73,"DERI","AHY","M",0
"773",171368616,30.8196496,-93.3822391,2016-01-29 16:00:00,2016-01-29 10:00:00,"01/29/2016","74",73,"DERI","AHY","M",0
"774",171368616,30.8193252,-93.3823494,2016-01-29 17:00:00,2016-01-29 11:00:00,"01/29/2016","74",73,"DERI","AHY","M",0
"775",171368616,30.8192488,-93.3824856,2016-01-29 18:00:00,2016-01-29 12:00:00,"01/29/2016","74",73,"DERI","AHY","M",0
"776",171368616,30.8192929,-93.3822901,2016-01-29 19:00:00,2016-01-29 13:00:00,"01/29/2016","74",73,"DERI","AHY","M",0
"777",171368616,30.8194901,-93.3828806,2016-01-29 20:00:00,2016-01-29 14:00:00,"01/29/2016","74",73,"DERI","AHY","M",0
"778",171368616,30.819391,-93.3822482,2016-01-29 21:00:00,2016-01-29 15:00:00,"01/29/2016","74",73,"DERI","AHY","M",0
"779",171368616,30.819491,-93.3822273,2016-01-29 22:00:00,2016-01-29 16:00:00,"01/29/2016","74",73,"DERI","AHY","M",0
"780",171368616,30.8189176,-93.3820683,2016-01-29 23:00:00,2016-01-29 17:00:00,"01/29/2016","74",73,"DERI","AHY","M",0
"781",171368616,30.8194521,-93.3827121,2016-01-30 00:00:00,2016-01-29 18:00:00,"01/29/2016","74",73,"DERI","AHY","M",0
"782",171368616,30.8199594,-93.3819163,2016-01-30 01:00:00,2016-01-29 19:00:00,"01/29/2016","74",73,"DERI","AHY","M",0
"783",171368616,30.8199568,-93.3818586,2016-01-30 02:00:00,2016-01-29 20:00:00,"01/29/2016","74",73,"DERI","AHY","M",0
"784",171368616,30.8195441,-93.3811262,2016-01-30 03:00:00,2016-01-29 21:00:00,"01/29/2016","74",73,"DERI","AHY","M",0
"785",171368616,30.8200346,-93.3818857,2016-01-30 04:00:00,2016-01-29 22:00:00,"01/29/2016","74",73,"DERI","AHY","M",0
"786",171368616,30.8201119,-93.3818598,2016-01-30 05:00:00,2016-01-29 23:00:00,"01/29/2016","74",73,"DERI","AHY","M",0
"787",171368616,30.8200938,-93.381718,2016-01-30 06:00:00,2016-01-30 00:00:00,"01/30/2016","66",74,"DERI","AHY","M",0
"788",171368616,30.8200755,-93.3818513,2016-01-30 07:00:00,2016-01-30 01:00:00,"01/30/2016","66",74,"DERI","AHY","M",0
"789",171368616,30.8200013,-93.3818709,2016-01-30 08:00:00,2016-01-30 02:00:00,"01/30/2016","66",74,"DERI","AHY","M",0
"790",171368616,30.8210327,-93.3820836,2016-01-30 09:00:00,2016-01-30 03:00:00,"01/30/2016","66",74,"DERI","AHY","M",0
"792",171368616,30.8201331,-93.3820531,2016-01-30 11:00:00,2016-01-30 05:00:00,"01/30/2016","66",74,"DERI","AHY","M",0
"793",171368616,30.8201399,-93.3819311,2016-01-30 12:00:00,2016-01-30 06:00:00,"01/30/2016","66",74,"DERI","AHY","M",0
"794",171368616,30.819365,-93.382069,2016-01-30 13:00:00,2016-01-30 07:00:00,"01/30/2016","66",74,"DERI","AHY","M",0
"795",171368616,30.8197219,-93.3824024,2016-01-30 14:00:00,2016-01-30 08:00:00,"01/30/2016","66",74,"DERI","AHY","M",0
"796",171368616,30.8193579,-93.3822287,2016-01-30 15:01:00,2016-01-30 09:01:00,"01/30/2016","66",74,"DERI","AHY","M",0
"797",171368616,30.8195152,-93.3820598,2016-01-30 16:00:00,2016-01-30 10:00:00,"01/30/2016","66",74,"DERI","AHY","M",0
"798",171368616,30.8191529,-93.382217,2016-01-30 17:00:00,2016-01-30 11:00:00,"01/30/2016","66",74,"DERI","AHY","M",0
"799",171368616,30.8194582,-93.3823753,2016-01-30 18:00:00,2016-01-30 12:00:00,"01/30/2016","66",74,"DERI","AHY","M",0
"800",171368616,30.8193425,-93.3822605,2016-01-30 19:00:00,2016-01-30 13:00:00,"01/30/2016","66",74,"DERI","AHY","M",0
"801",171368616,30.8190149,-93.3821574,2016-01-30 20:01:00,2016-01-30 14:01:00,"01/30/2016","66",74,"DERI","AHY","M",0
"802",171368616,30.8193698,-93.3817728,2016-01-30 21:00:00,2016-01-30 15:00:00,"01/30/2016","66",74,"DERI","AHY","M",0
"803",171368616,30.8190236,-93.3821172,2016-01-30 22:00:00,2016-01-30 16:00:00,"01/30/2016","66",74,"DERI","AHY","M",0
"804",171368616,30.8190293,-93.3811619,2016-01-30 23:00:00,2016-01-30 17:00:00,"01/30/2016","66",74,"DERI","AHY","M",0
"806",171368616,30.821072,-93.3816519,2016-01-31 01:00:00,2016-01-30 19:00:00,"01/30/2016","66",74,"DERI","AHY","M",0
"807",171368616,30.8209951,-93.3814415,2016-01-31 02:00:00,2016-01-30 20:00:00,"01/30/2016","66",74,"DERI","AHY","M",0
"808",171368616,30.8207488,-93.3808148,2016-01-31 03:00:00,2016-01-30 21:00:00,"01/30/2016","66",74,"DERI","AHY","M",0
"809",171368616,30.8210894,-93.3815181,2016-01-31 04:00:00,2016-01-30 22:00:00,"01/30/2016","66",74,"DERI","AHY","M",0
"810",171368616,30.8204354,-93.3813655,2016-01-31 05:00:00,2016-01-30 23:00:00,"01/30/2016","66",74,"DERI","AHY","M",0
"811",171368616,30.8213153,-93.3816281,2016-01-31 06:00:00,2016-01-31 00:00:00,"01/31/2016","57",77,"DERI","AHY","M",0
