BandNmbr,GMT.Time,Latitude,Longitude,Duration,DOP,Satellites
123,1/21/2016 6:00,32.123209,-93.4687357,42,2.6,5
123,1/21/2016 7:00,32.1232286,-93.4687379,9,2.4,4
123,1/21/2016 8:00,32.1232769,-93.4688232,9,2.4,4
123,1/21/2016 9:00,32.1226685,-93.4689421,40,49,4
123,1/21/2016 10:00,32.1233724,-93.4688764,17,2.6,4
123,1/21/2016 11:00,32.1232529,-93.4688149,39,1,7
123,1/21/2016 12:00,32.1232551,-93.4688056,39,1,9
123,1/21/2016 13:00,32.1215409,-93.4632672,4,1.6,6
123,1/21/2016 14:00,32.1215839,-93.4631576,6,2.4,6
123,1/21/2016 15:00,32.1215546,-93.4631749,41,1.6,5
123,1/21/2016 16:00,32.121509,-93.4632448,11,1.8,5
123,1/21/2016 17:00,32.1215616,-93.4632765,36,1.2,8
123,1/21/2016 18:01,32.1215057,-93.4632172,70,2,3
123,1/21/2016 19:00,32.1215421,-93.4631704,50,1.8,4
123,1/21/2016 20:00,32.121658,-93.4631124,16,2.4,4
123,1/21/2016 21:00,32.1215638,-93.4631829,36,1.2,7
123,1/21/2016 22:00,32.1215704,-93.4632044,39,2.6,5
123,1/21/2016 23:00,32.1212582,-93.4626406,33,21.8,3
123,1/22/2016 0:00,32.1201913,-93.4641286,37,7.6,4
123,1/22/2016 1:00,32.120436,-93.4644061,38,1.2,6
123,1/22/2016 2:00,32.1203655,-93.4644449,9,1.6,5
123,1/22/2016 3:00,32.1203637,-93.4645032,15,2.8,4
123,1/22/2016 4:00,32.1203446,-93.4645058,40,1,7
123,1/22/2016 5:00,32.1201567,-93.4644894,5,1.8,6
123,1/22/2016 6:00,32.1201957,-93.4644526,9,2.6,5
123,1/22/2016 7:00,32.1202282,-93.4644538,39,0.8,8
123,1/22/2016 8:00,32.1202241,-93.4644372,4,1.4,6
123,1/22/2016 9:00,32.1201383,-93.4645253,5,1.6,5
123,1/22/2016 10:00,32.1204242,-93.4644945,41,1.4,6
123,1/22/2016 11:00,32.120482,-93.4644708,4,1.6,5
123,1/22/2016 12:00,32.1204833,-93.4644388,7,2.4,4
123,1/22/2016 13:00,32.1214459,-93.463289,38,2,4
123,1/22/2016 14:00,32.1212395,-93.4633086,8,2,4
123,1/22/2016 15:00,32.1215539,-93.4637281,36,6,5
123,1/22/2016 16:00,32.1213799,-93.4633377,39,1.8,5
123,1/22/2016 17:00,32.1213136,-93.4632881,8,2.8,5
123,1/22/2016 18:00,32.1214072,-93.4633153,37,1.2,5
123,1/22/2016 19:00,32.1213771,-93.4633396,41,2,3
123,1/22/2016 20:00,32.1214106,-93.4633182,38,1.2,8
123,1/22/2016 21:00,32.1213771,-93.463289,9,1,8
123,1/22/2016 22:00,32.1213837,-93.463256,41,1.2,8
123,1/22/2016 23:00,32.1213742,-93.4631496,9,1,7
123,1/23/2016 0:00,32.1212306,-93.4628903,9,2.6,6
123,1/23/2016 1:00,32.1173962,-93.4719911,39,1.2,6
123,1/23/2016 2:00,32.1173698,-93.4719831,4,4.8,4
123,1/23/2016 3:00,32.1173022,-93.4720459,20,2.6,4
123,1/23/2016 4:00,32.1173344,-93.4720578,41,2.4,6
123,1/23/2016 5:00,32.1173921,-93.4721094,4,1.6,5
123,1/23/2016 6:00,32.1174197,-93.4721853,10,2.6,5
123,1/23/2016 7:00,32.1174025,-93.472184,40,3.4,5
123,1/23/2016 8:00,32.1172398,-93.4721635,22,2.8,6
123,1/23/2016 9:00,32.1172194,-93.472093,4,2.6,5
123,1/23/2016 10:00,32.1172011,-93.4720289,24,1.4,4
123,1/23/2016 11:00,32.1172051,-93.4720911,8,3.4,4
123,1/23/2016 12:00,32.1172383,-93.4721062,4,2.4,4
123,1/23/2016 13:00,32.1213972,-93.4632896,39,2.2,6
123,1/23/2016 14:00,32.1214429,-93.4632845,8,2.8,5
123,1/23/2016 15:00,32.1216202,-93.4636727,15,30.4,4
123,1/23/2016 16:00,32.1214271,-93.4633069,39,1.8,5
123,1/23/2016 17:00,32.121278,-93.4634083,9,6.8,4
123,1/23/2016 18:00,32.1213438,-93.4632948,38,1.2,5
123,1/23/2016 19:00,32.1213828,-93.4632877,39,1.4,5
123,1/23/2016 20:00,32.1214018,-93.4633099,9,1.4,5
123,1/23/2016 21:00,32.1212353,-93.4632063,11,1.8,4
123,1/23/2016 22:00,32.1214353,-93.4632845,40,1.4,4
123,1/23/2016 23:00,32.1213986,-93.4633172,20,1.4,4
123,1/24/2016 0:00,32.1219789,-93.4642386,13,7.6,4
123,1/24/2016 1:00,32.1252808,-93.4689771,40,1.4,5
123,1/24/2016 2:00,32.1253014,-93.4689268,6,2.8,5
123,1/24/2016 3:00,32.1253113,-93.4689473,7,3.6,4
123,1/24/2016 4:00,32.1253153,-93.4688745,37,0.8,9
123,1/24/2016 5:00,32.1253443,-93.4688925,8,1.4,8
123,1/24/2016 6:00,32.1252921,-93.46902,8,1.2,7
157382985,1/27/2016 7:00,31.3151121,-92.6525828,24,1.4,6
157382985,1/27/2016 8:00,31.3150914,-92.6526267,8,1.6,5
157382985,1/27/2016 9:00,31.3151351,-92.6526062,9,2.2,4
157382985,1/27/2016 10:00,31.3151212,-92.6525943,39,1.2,7
157382985,1/27/2016 11:00,31.3151091,-92.6525833,9,1.8,5
157382985,1/27/2016 12:00,31.3151057,-92.6525814,9,3.4,4
157382985,1/27/2016 13:00,31.3071351,-92.6894145,40,2.4,5
157382985,1/27/2016 14:00,31.3072397,-92.6890922,9,4.4,5
157382985,1/27/2016 15:00,31.3072644,-92.6885172,20,11.6,4
157382985,1/27/2016 16:00,31.3072642,-92.6892509,41,2.4,4
157382985,1/27/2016 17:00,31.3072504,-92.6889323,10,2.8,4
157382985,1/27/2016 18:00,31.3072308,-92.6892304,39,2.8,4
157382985,1/27/2016 19:00,31.3072029,-92.6893148,41,5.6,3
157382985,1/27/2016 20:00,31.3072013,-92.6892774,37,1,7
157382985,1/27/2016 21:00,31.3072232,-92.6892555,8,1,7
157382985,1/27/2016 22:00,31.3072407,-92.6892848,39,1.4,5
157382985,1/27/2016 23:00,31.3071424,-92.6893247,8,4,4
157382985,1/28/2016 0:00,31.3072448,-92.6893289,15,5.4,4
157382985,1/28/2016 1:00,31.306913,-92.6894114,38,2.6,5
157382985,1/28/2016 2:00,31.3070005,-92.6894093,8,2.6,4
157382985,1/28/2016 3:00,31.3068774,-92.6894335,10,4.2,4
157382985,1/28/2016 4:00,31.3069105,-92.689306,40,1.2,7
157382985,1/28/2016 5:00,31.3069708,-92.6895041,9,1.8,5
157382985,1/28/2016 6:00,31.3070313,-92.6894578,9,3.4,5
157382985,1/28/2016 7:01,31.307054,-92.6892709,68,2.8,4
157382985,1/28/2016 8:00,31.3070264,-92.6892599,39,1,7
157382985,1/28/2016 9:00,31.3069219,-92.689274,4,2.6,6
157382985,1/28/2016 10:00,31.3069808,-92.6892769,41,1.2,6
157382985,1/28/2016 11:00,31.3070639,-92.6893124,4,1.6,6
157382985,1/28/2016 11:59,31.3070675,-92.6893662,2,3.2,4
157382985,1/28/2016 13:00,31.3070259,-92.6891571,48,2.2,4
157382985,1/28/2016 14:00,31.3070214,-92.6891461,21,3.4,4
157382985,1/28/2016 15:00,31.3071027,-92.689204,9,9.6,4
157382985,1/28/2016 16:00,31.3070675,-92.6892181,40,3.2,4
157382985,1/28/2016 17:00,31.3070626,-92.6886998,19,8.2,4
157382985,1/28/2016 18:00,31.3071014,-92.6892305,39,1,7
157382985,1/28/2016 19:00,31.3070573,-92.6892599,38,2.2,6
157382985,1/28/2016 20:00,31.3070013,-92.6889846,8,3.2,6
157382985,1/28/2016 21:00,31.3070921,-92.6888719,9,2.4,5
157382985,1/28/2016 22:00,31.3068483,-92.6892525,47,1.4,3
157382985,1/28/2016 23:01,31.3071185,-92.6892809,70,1.8,3
157382985,1/29/2016 0:00,31.3071923,-92.6892433,40,4.2,4
157382985,1/29/2016 1:00,31.3070015,-92.6893794,39,2,6
157382985,1/29/2016 2:00,31.3069507,-92.6893555,3,1.6,5
157382985,1/29/2016 3:00,31.3068804,-92.6892251,5,4.2,5
157382985,1/29/2016 4:00,31.3069345,-92.6893619,41,0.8,8
157382985,1/29/2016 5:00,31.3069234,-92.6893963,5,2,6
157382985,1/29/2016 6:00,31.30705,-92.6894468,4,4.8,6
157382985,1/29/2016 7:00,31.3068811,-92.689353,40,1.4,6
157382985,1/29/2016 8:00,31.3068738,-92.6892333,5,1.6,5
157382985,1/29/2016 9:00,31.3072,-92.6894391,8,2.2,4
157382985,1/29/2016 10:00,31.306985,-92.689334,40,1.4,6
157382985,1/29/2016 11:00,31.3071727,-92.6894419,8,3.2,4
157382985,1/29/2016 12:00,31.3069307,-92.6892717,37,2,5
157382985,1/29/2016 13:00,31.3072278,-92.6891451,38,2.6,5
157382985,1/29/2016 14:00,31.3069065,-92.688905,9,3.4,5
157382985,1/29/2016 15:00,31.3073098,-92.6900298,9,7.8,4
157382985,1/29/2016 16:00,31.306964,-92.6892161,45,2.4,4
157382985,1/29/2016 17:00,31.3073671,-92.6893588,29,5.6,4
157382985,1/29/2016 18:00,31.307106,-92.6892674,32,3,3
157382985,1/29/2016 19:00,31.3071355,-92.6895279,39,2.4,5
157382985,1/29/2016 20:00,31.3069813,-92.6888013,5,3.2,5
157382985,1/29/2016 21:00,31.3073637,-92.6891845,25,1.2,5
157382985,1/29/2016 22:00,31.3071698,-92.6891981,41,1.2,5
157382985,1/29/2016 23:00,31.3070142,-92.689236,4,2,4
157382985,1/30/2016 0:00,31.3070549,-92.6892774,29,6.4,3
157382985,1/30/2016 1:00,31.3067766,-92.6893809,38,3,4
157382985,1/30/2016 2:00,31.3067873,-92.6894783,7,6.2,4
157382985,1/30/2016 3:00,31.3068035,-92.6894589,38,0.8,8
157382985,1/30/2016 4:00,31.3067925,-92.6894214,39,1.4,7
157382985,1/30/2016 5:00,31.3068138,-92.6894794,8,1.2,6
157382985,1/30/2016 6:00,31.3068457,-92.6894399,9,1.2,6
157382985,1/30/2016 7:00,31.3067181,-92.6897112,41,9.6,3
157382985,1/30/2016 8:00,31.3066678,-92.6907195,35,11.8,3
157382985,1/30/2016 9:00,31.3068739,-92.6895043,39,1.4,6
157382985,1/30/2016 10:00,31.3067855,-92.6894514,44,3,4
157382985,1/30/2016 11:00,31.3068403,-92.6894952,17,2,4
157382985,1/30/2016 12:00,31.3067178,-92.6894386,39,2.2,6
171368600,1/19/2016 5:57,30.8288863,-93.3803177,38,1,8
171368600,1/19/2016 7:00,30.8288885,-93.3803441,8,2.2,6
171368600,1/19/2016 8:00,30.8288878,-93.3803189,38,1.8,5
171368600,1/19/2016 9:00,30.8288775,-93.3803029,8,3,5
171368600,1/19/2016 10:00,30.8289355,-93.3802741,9,3,4
171368600,1/19/2016 11:00,30.8289045,-93.3803306,39,1.6,5
171368600,1/19/2016 12:00,30.8288921,-93.3803299,9,2.2,5
171368600,1/19/2016 13:00,30.8322378,-93.3806907,9,4.4,4
171368600,1/19/2016 14:00,30.8321893,-93.3806539,39,1.2,7
171368600,1/19/2016 15:00,30.832191,-93.380652,9,1.4,6
171368600,1/19/2016 16:00,30.83222,-93.38066,3,2.6,5
171368600,1/19/2016 17:00,30.8322017,-93.3806545,40,1,10
171368600,1/19/2016 18:00,30.832193,-93.3806324,4,1,8
171368600,1/19/2016 19:00,30.8322462,-93.380606,4,1.4,6
171368600,1/19/2016 20:00,30.832199,-93.3806416,40,0.8,10
171368600,1/19/2016 21:00,30.8321914,-93.3806342,4,0.8,8
171368600,1/19/2016 22:00,30.8321959,-93.3806422,10,1.2,6
171368600,1/19/2016 23:00,30.8322007,-93.3806324,41,1.2,6
171368600,1/20/2016 0:00,30.8322135,-93.380676,8,2,5
171368600,1/20/2016 1:00,30.8320427,-93.3807545,37,1,7
171368600,1/20/2016 2:00,30.8320487,-93.3807637,38,2,6
171368600,1/20/2016 3:00,30.8321198,-93.3804728,8,2.2,5
171368600,1/20/2016 4:00,30.8321319,-93.3804839,15,40.4,4
171368600,1/20/2016 5:00,30.8320978,-93.3804845,39,2.8,4
171368600,1/20/2016 6:00,30.8318939,-93.380768,9,2,4
171368600,1/20/2016 7:00,30.8317788,-93.380965,50,1.2,4
171368600,1/20/2016 8:00,30.8316876,-93.3809601,51,1.4,5
171368600,1/20/2016 9:00,30.8316788,-93.3809411,3,2.6,4
171368600,1/20/2016 10:00,30.8316986,-93.3809521,22,2.6,4
171368600,1/20/2016 11:00,30.8316647,-93.3809496,40,0.8,9
171368600,1/20/2016 12:00,30.8316815,-93.3809582,4,1.2,7
171368600,1/20/2016 13:00,30.8467538,-93.3789402,10,3.4,5
171368600,1/20/2016 14:00,30.8466183,-93.3790042,42,6.4,4
171368600,1/20/2016 15:00,30.8466693,-93.3786732,36,1.2,7
171368600,1/20/2016 16:00,30.8467719,-93.3787089,15,1.2,6
171368600,1/20/2016 17:01,30.8472128,-93.3785923,70,12,3
171368600,1/20/2016 18:00,30.846654,-93.3786744,49,1,8
171368600,1/20/2016 19:00,30.8465029,-93.3787915,16,2.4,5
171368600,1/20/2016 20:00,30.8468794,-93.3781942,8,5,4
171368600,1/20/2016 21:00,30.8466921,-93.3787634,38,1.2,6
171368600,1/20/2016 22:00,30.8465613,-93.3786554,8,1.6,5
171368600,1/20/2016 23:00,30.8464512,-93.3788512,37,2,5
171368600,1/21/2016 0:01,0,0,70,0,0
171368600,1/21/2016 1:00,30.843833,-93.3792001,40,3.2,4
171368600,1/21/2016 2:00,30.8436002,-93.3792414,9,2.4,4
171368600,1/21/2016 3:00,30.8438384,-93.3788293,9,2.8,4
171368600,1/21/2016 4:00,30.8439422,-93.379221,51,1,5
171368600,1/21/2016 5:00,30.8437851,-93.3792031,5,2,5
171368600,1/21/2016 6:00,30.8440218,-93.3792026,4,2,4
171368600,1/21/2016 7:00,30.8439499,-93.3787881,51,3.2,5
171368600,1/21/2016 8:00,30.844009,-93.3791504,16,7.4,4
171368600,1/21/2016 9:00,30.8440114,-93.3791854,36,1,7
171368600,1/21/2016 10:00,30.8440547,-93.3792425,49,1.2,5
171368600,1/21/2016 11:00,30.8466232,-93.3784976,8,2.2,4
171368600,1/21/2016 12:00,30.8479641,-93.3788078,9,7.4,4
171368600,1/21/2016 13:01,30.8466543,-93.378761,70,5.2,3
171368600,1/21/2016 14:01,30.8467378,-93.3784707,70,12.4,3
171368600,1/21/2016 15:00,30.8468455,-93.3786162,39,2.8,4
171368600,1/21/2016 16:00,30.846761,-93.3787788,9,2,4
171368600,1/21/2016 17:00,30.8466016,-93.3790704,53,2.4,4
171368600,1/21/2016 18:00,30.8464796,-93.3790868,46,1.8,4
171368600,1/21/2016 19:00,30.8465841,-93.3788714,9,2.2,4
171368600,1/21/2016 20:00,30.8462014,-93.3785115,9,6,4
171368600,1/21/2016 21:00,30.8467194,-93.3788414,47,6.6,4
171368600,1/21/2016 22:00,30.8467847,-93.3788868,8,2,4
171368600,1/21/2016 23:00,30.8464556,-93.3790362,20,3.2,4
171368600,1/22/2016 0:01,0,0,70,0,0
171368600,1/22/2016 1:01,30.8475352,-93.3775665,70,7.8,3
171368600,1/22/2016 2:01,30.8472519,-93.3786353,70,2.4,3
171368600,1/22/2016 3:00,30.8473368,-93.3783663,40,1.4,6
171368600,1/22/2016 4:00,30.8473098,-93.3785616,4,1.4,5
171368600,1/22/2016 5:00,30.8472806,-93.3786696,5,5.2,4
171368600,1/22/2016 6:00,30.8473535,-93.378378,39,3.6,5
171368600,1/22/2016 7:00,30.8473587,-93.3783055,8,2.4,5
171368600,1/22/2016 8:00,30.8475362,-93.3783872,37,3.2,4
171368600,1/22/2016 9:00,30.84734,-93.3783583,39,2.2,4
171368600,1/22/2016 10:00,30.8474151,-93.3785942,8,2,4
171368600,1/22/2016 11:00,30.8473269,-93.3783976,9,3.2,4
171368600,1/22/2016 12:00,30.8473517,-93.3783829,40,1.4,6
171368600,1/22/2016 13:00,30.8470531,-93.3789551,9,3.2,6
171368600,1/22/2016 14:00,30.8464711,-93.3789401,11,2.6,4
171368600,1/22/2016 15:00,30.8465273,-93.3789812,46,2.8,4
171368600,1/22/2016 16:00,30.8465366,-93.3789174,9,2,4
171368600,1/22/2016 17:00,30.8463677,-93.3788014,22,1.8,5
171368600,1/22/2016 18:00,30.8465607,-93.3788094,41,1.2,4
171368602,1/8/2016 6:58,30.8338705,-93.376379,37,1,6
171368602,1/8/2016 8:30,30.833865,-93.3764097,32,5.4,3
171368602,1/8/2016 10:00,30.8338603,-93.3764122,39,1,6
171368602,1/8/2016 11:30,30.8338263,-93.3764097,8,3.2,4
171368602,1/8/2016 13:00,30.8312794,-93.3685782,38,1.2,6
171368602,1/8/2016 14:30,30.8310969,-93.3685181,28,2.8,4
171368602,1/8/2016 16:00,30.8313574,-93.3686746,39,4,4
171368602,1/8/2016 17:30,30.8313217,-93.3686249,9,3,4
171368602,1/8/2016 19:01,30.8318082,-93.3685758,70,7.2,3
171368602,1/8/2016 20:30,30.8312435,-93.3686445,45,2.4,5
171368602,1/8/2016 22:00,30.8310156,-93.3679479,27,7.4,3
171368602,1/8/2016 23:31,30.8315172,-93.3689324,70,2.6,3
171368602,1/9/2016 1:00,30.8222458,-93.3647907,40,1.4,7
171368602,1/9/2016 2:30,30.8223043,-93.3648018,4,3.4,5
171368602,1/9/2016 4:00,30.821028,-93.3636584,41,1.2,7
171368602,1/9/2016 5:30,30.8210567,-93.3636204,7,1.2,5
171368602,1/9/2016 7:00,30.8210105,-93.3635609,37,6.6,5
171368602,1/9/2016 8:30,30.821041,-93.3636308,37,1,7
171368602,1/9/2016 10:00,30.8210191,-93.3636394,38,1.6,5
171368602,1/9/2016 11:30,30.8209883,-93.3636363,36,1.4,7
171368602,1/9/2016 13:00,30.83103,-93.3690576,50,1.2,5
171368602,1/9/2016 14:30,30.8310778,-93.3690054,48,1.2,7
171368602,1/9/2016 16:00,30.8310616,-93.3689238,50,1.4,6
171368602,1/9/2016 17:30,30.8310968,-93.3686469,10,3,4
171368602,1/9/2016 19:01,30.8311468,-93.3691914,70,4.2,3
171368602,1/9/2016 20:30,30.8327132,-93.3675815,40,22.8,3
171368602,1/9/2016 22:00,30.8310519,-93.3690938,47,2.6,4
171368602,1/9/2016 23:31,0,0,70,0,0
171368602,1/10/2016 1:00,30.8207676,-93.3639113,39,1,7
171368602,1/10/2016 2:30,30.8208077,-93.3638591,22,1.2,6
171368602,1/10/2016 4:00,30.8207764,-93.3639303,40,0.8,8
171368602,1/10/2016 5:30,30.8207883,-93.3639444,4,1.2,6
171368602,1/10/2016 7:00,30.8207546,-93.3639272,40,1.8,5
171368602,1/10/2016 8:30,30.8207739,-93.3639027,23,1.4,5
171368602,1/10/2016 10:00,30.8207849,-93.3639512,42,1.2,7
171368602,1/10/2016 11:30,30.820847,-93.3640046,21,3.4,4
171368602,1/10/2016 13:00,30.8309909,-93.3690754,51,2,4
171368602,1/10/2016 14:30,30.830785,-93.3688489,8,3.8,4
171368602,1/10/2016 16:00,30.8311385,-93.3690343,40,2.4,3
171368602,1/10/2016 17:30,30.831101,-93.3688274,50,1.4,5
171368602,1/10/2016 19:00,30.8312528,-93.3688078,47,2.8,3
171368602,1/10/2016 20:30,30.8315368,-93.3687759,35,6.8,3
171368602,1/10/2016 22:01,0,0,70,0,0
171368602,1/10/2016 23:30,30.8310656,-93.368569,46,2.2,4
171368602,1/11/2016 1:00,30.8313591,-93.3689244,23,4.4,4
171368602,1/11/2016 2:30,30.8310884,-93.3686028,44,1.6,6
171368602,1/11/2016 4:00,30.8310995,-93.3686439,17,2,5
171368602,1/11/2016 5:30,30.8310879,-93.3686844,46,2.4,5
171368602,1/11/2016 7:00,30.831062,-93.3688943,5,3.8,5
171368602,1/11/2016 8:31,30.8313692,-93.3690318,65,6.2,3
171368602,1/11/2016 10:00,30.8310791,-93.3686654,38,1.2,7
171368602,1/11/2016 11:30,30.8310516,-93.3685905,43,2.4,5
171368602,1/11/2016 13:00,30.8310329,-93.3686549,7,3.4,4
171368602,1/11/2016 14:30,30.8311233,-93.3687562,44,1.2,7
171368602,1/11/2016 16:00,30.8309761,-93.3685782,8,1.6,5
171368602,1/11/2016 17:31,30.8311291,-93.3690969,70,4.2,3
171368602,1/11/2016 19:00,30.8311588,-93.3689753,49,2.4,5
171368602,1/11/2016 20:30,30.8310753,-93.3689778,16,5.2,4
171368602,1/11/2016 22:01,0,0,70,0,0
171368602,1/11/2016 23:31,0,0,70,0,0
171368602,1/12/2016 1:00,30.8312198,-93.3690864,46,1.4,6
171368602,1/12/2016 2:30,30.8310061,-93.3686574,10,6,4
171368602,1/12/2016 4:00,30.8312238,-93.3690588,39,1.8,5
171368602,1/12/2016 5:30,30.8304805,-93.3673973,16,46,4
171368602,1/12/2016 7:00,30.8312016,-93.3692356,46,2.8,4
171368602,1/12/2016 8:31,30.8311753,-93.3690784,66,1,8
171368602,1/12/2016 10:00,30.8311981,-93.3690919,41,2.8,4
171368602,1/12/2016 11:30,30.8313114,-93.3691951,9,2.4,4
171368602,1/12/2016 13:01,0,0,70,0,0
171368602,1/12/2016 14:30,30.8310043,-93.3692079,48,1.8,5
171368602,1/12/2016 16:00,30.831106,-93.369405,15,1.6,5
171368602,1/12/2016 17:30,30.8310407,-93.3692988,44,7,4
171368602,1/12/2016 19:00,30.8311954,-93.3692411,39,3.2,3
171368602,1/12/2016 20:31,30.8310171,-93.3693166,69,4,4
171368602,1/12/2016 22:00,30.8307108,-93.3696296,11,2,4
171368602,1/12/2016 23:31,0,0,70,0,0
171368602,1/13/2016 1:00,30.8224185,-93.3647606,38,1,6
171368602,1/13/2016 2:30,30.8224146,-93.3647361,9,3,4
171368602,1/13/2016 4:00,30.8223725,-93.3647355,40,0.8,7
171368602,1/13/2016 5:30,30.8224539,-93.3646588,9,4.8,5
171368602,1/13/2016 7:00,30.8223633,-93.3647343,45,1,6
171368602,1/13/2016 8:30,30.8223928,-93.364733,40,1.2,7
171368602,1/13/2016 10:00,30.8223002,-93.3647312,39,1.2,7
171368602,1/13/2016 11:30,30.8223887,-93.3647606,22,1.2,6
171368602,1/13/2016 13:01,30.8311397,-93.3690459,69,1.8,4
171368602,1/13/2016 14:30,30.8311422,-93.3692675,39,2,4
171368602,1/13/2016 16:01,0,0,70,0,0
171368602,1/13/2016 17:30,30.8311309,-93.3692859,42,2,6
171368602,1/13/2016 19:00,30.8311583,-93.3691901,21,1.4,4
171368602,1/13/2016 20:31,0,0,70,0,0
171368602,1/13/2016 22:00,30.8312736,-93.3683517,51,5.8,4
171368602,1/13/2016 23:30,30.8310059,-93.3691453,39,2.2,4
171368602,1/14/2016 1:00,30.8312349,-93.3692663,43,1.8,5
171368602,1/14/2016 2:30,30.8311584,-93.3694056,22,2.2,4
171368602,1/14/2016 4:00,30.8311427,-93.3693147,49,1.2,6
171368602,1/14/2016 5:30,30.8306096,-93.3694854,22,3.2,4
171368602,1/14/2016 7:00,30.8311786,-93.3692368,40,1.4,4
171368602,1/14/2016 8:30,30.8311881,-93.3692884,48,2.6,3
171368602,1/14/2016 10:00,30.8313368,-93.3690999,53,4,4
171368602,1/14/2016 11:30,30.8312142,-93.3690711,20,3.8,4
171368602,1/14/2016 13:01,30.8312547,-93.3692687,70,2.2,3
171368602,1/14/2016 14:30,30.8311904,-93.3692583,40,4,4
171368602,1/14/2016 16:00,30.8310326,-93.3696002,20,2,4
171368602,1/14/2016 17:30,30.831053,-93.3693675,51,2.2,5
171368602,1/14/2016 19:00,30.8308948,-93.3692135,16,1.8,4
171368602,1/14/2016 20:30,30.8309865,-93.3692988,38,4.4,4
171368602,1/14/2016 22:01,30.8309416,-93.3693086,61,1.2,6
171368602,1/14/2016 23:30,30.8308883,-93.3692251,42,2,4
171368602,1/15/2016 1:00,30.8223751,-93.3651448,21,5,4
171368602,1/15/2016 2:30,30.822186,-93.3648245,45,5,4
171368602,1/15/2016 4:00,30.8222126,-93.3647527,39,1.4,5
171368602,1/15/2016 5:30,30.8218789,-93.3647692,45,2.4,4
171368602,1/15/2016 7:00,30.8221314,-93.3646686,38,1.8,8
171368602,1/15/2016 8:30,30.8220372,-93.3648189,39,1.8,5
171368602,1/15/2016 10:00,30.8231715,-93.3650043,9,4,4
171368602,1/15/2016 11:30,30.8221807,-93.3647913,45,1,6
171368602,1/15/2016 13:00,30.8311193,-93.3691441,9,1.8,5
171368602,1/15/2016 14:30,30.83106,-93.3693755,40,3.4,4
171368602,1/15/2016 16:00,30.8304143,-93.3676624,31,10.8,3
171368602,1/15/2016 17:31,30.83133,-93.3692552,70,2.2,4
171368602,1/15/2016 19:00,30.8312246,-93.3693025,51,2.2,4
171368602,1/15/2016 20:30,30.8309075,-93.3708271,28,15.6,3
171368602,1/15/2016 22:01,30.8311833,-93.3693921,64,3,3
171368602,1/15/2016 23:30,30.8303162,-93.3682645,38,25.8,4
171368602,1/16/2016 1:00,30.8303917,-93.3700856,38,3.6,4
171368602,1/16/2016 2:30,30.8303657,-93.3702016,36,3.2,5
171368602,1/16/2016 4:00,30.820572,-93.3637008,39,1.2,6
171368602,1/16/2016 5:30,30.8206101,-93.3637174,8,5.6,4
171368602,1/16/2016 7:00,30.820814,-93.3644857,39,11.4,3
171368602,1/16/2016 8:30,30.8206575,-93.3637395,38,1.2,6
171368602,1/16/2016 10:00,30.8206219,-93.3637345,38,1.2,6
171368602,1/16/2016 11:30,30.8205967,-93.3636977,37,1,7
171368602,1/16/2016 13:01,30.8310358,-93.3691147,70,2.2,3
171368602,1/16/2016 14:31,30.8309805,-93.3688612,69,3.6,3
171368602,1/16/2016 16:00,30.8311132,-93.3688311,38,2.8,4
171368602,1/16/2016 17:30,30.8311755,-93.3687642,39,6.6,5
171368602,1/16/2016 19:00,30.8312345,-93.3686445,25,1.4,4
171368602,1/16/2016 20:31,0,0,70,0,0
171368602,1/16/2016 22:01,0,0,70,0,0
171368602,1/16/2016 23:30,30.831406,-93.3697444,52,5.4,4
171368602,1/17/2016 1:00,30.831062,-93.3686715,36,1.4,5
171368602,1/17/2016 2:30,30.8310988,-93.368623,42,2.6,5
171368602,1/17/2016 4:00,30.8307764,-93.3686733,17,3.8,4
171368602,1/17/2016 5:30,30.8310479,-93.3686034,48,6.6,4
171368602,1/17/2016 7:00,30.8311501,-93.3688765,50,6,4
171368602,1/17/2016 8:30,30.8311662,-93.3687138,43,1.8,4
171368602,1/17/2016 10:00,30.8310683,-93.3687151,39,1,7
171368602,1/17/2016 11:30,30.8310857,-93.3687028,44,1.2,5
171368602,1/17/2016 13:00,30.8306007,-93.3701611,12,3,4
171368602,1/17/2016 14:31,30.8297486,-93.3699905,67,8.4,3
171368602,1/17/2016 16:00,30.8303313,-93.3700463,43,1.2,5
171368602,1/17/2016 17:30,30.8305017,-93.3699696,51,1.8,7
171368602,1/17/2016 19:00,30.8304978,-93.3699494,11,1.4,5
171368602,1/17/2016 20:30,30.8305184,-93.3699856,46,8,4
171368602,1/17/2016 22:00,30.830452,-93.3689618,18,4.6,4
171368602,1/17/2016 23:30,30.8305474,-93.3698837,44,2.4,4
171368602,1/18/2016 1:00,30.8307592,-93.3699457,20,6.6,4
171368602,1/18/2016 2:30,30.8305974,-93.3699144,40,1.2,7
171368602,1/18/2016 4:00,30.8306569,-93.3698868,4,1.4,6
171368602,1/18/2016 5:30,30.8305867,-93.3698542,40,1.4,5
171368602,1/18/2016 7:00,30.8304426,-93.3698782,22,1,7
171368602,1/18/2016 8:30,30.8304932,-93.3698315,46,1.8,4
171368602,1/18/2016 10:00,30.8305635,-93.3699162,36,3,6
171368602,1/18/2016 11:30,30.8305731,-93.3699113,39,2,4
171368602,1/18/2016 13:00,30.830612,-93.3698966,14,5.4,4
171368602,1/18/2016 14:31,0,0,70,0,0
171368602,1/18/2016 16:01,0,0,70,0,0
171368602,1/18/2016 17:30,30.8305117,-93.3699396,52,3.6,4
171368602,1/18/2016 19:00,30.8299577,-93.3703059,16,13.8,4
171368602,1/18/2016 20:30,30.8305456,-93.3697873,50,6.4,4
171368602,1/18/2016 22:00,30.830704,-93.3698297,38,3,5
171368602,1/18/2016 23:30,30.8303328,-93.3697364,50,5.6,4
171368602,1/19/2016 1:00,30.8212098,-93.3637873,34,11.8,3
171368602,1/19/2016 2:30,30.8209096,-93.3633528,41,5.8,4
171368602,1/19/2016 4:00,30.8210005,-93.3634056,5,6.2,4
171368602,1/19/2016 5:30,30.8208505,-93.3637517,40,1.2,7
171368602,1/19/2016 7:00,30.8210479,-93.3636621,29,1.8,6
171368602,1/19/2016 8:30,30.8209785,-93.3631828,40,1.2,7
171368602,1/19/2016 10:00,30.8208514,-93.3630895,6,5,5
171368602,1/19/2016 11:30,30.820973,-93.3631484,40,1,6
171368602,1/19/2016 13:00,30.8306493,-93.3699445,16,2.8,5
171368602,1/19/2016 14:30,30.8303514,-93.3699745,51,7.6,4
171368602,1/19/2016 16:00,30.8304049,-93.369521,35,39.4,3
171368602,1/19/2016 17:30,30.8306643,-93.3698929,49,1.8,4
171368602,1/19/2016 19:00,30.8308747,-93.3695529,30,6,4
171368602,1/19/2016 20:30,30.8304457,-93.369934,52,1.2,6
171368602,1/19/2016 22:00,30.8304311,-93.3700126,11,1.8,4
171368602,1/19/2016 23:31,0,0,70,0,0
171368602,1/20/2016 1:00,30.8304213,-93.3698948,40,4.2,4
171368602,1/20/2016 2:30,30.8306798,-93.3699089,38,1.2,6
171368602,1/20/2016 4:00,30.8306687,-93.3698027,40,2,4
171368602,1/20/2016 5:30,30.8307611,-93.3698843,40,1.6,6
171368602,1/20/2016 7:00,30.8306107,-93.369953,41,2.6,4
171368602,1/20/2016 8:30,30.8306593,-93.3700998,7,3.4,4
171368602,1/20/2016 10:00,30.8305673,-93.3699641,43,4,6
171368602,1/20/2016 11:30,30.8307194,-93.3702784,7,4.6,4
171368602,1/20/2016 13:01,0,0,70,0,0
171368602,1/20/2016 14:31,0,0,70,0,0
171368602,1/20/2016 16:01,0,0,70,0,0
171368602,1/20/2016 17:31,30.8315808,-93.366139,70,2.6,3
171368602,1/20/2016 19:01,30.8319177,-93.3662765,67,3.4,3
171368602,1/20/2016 20:31,30.8313235,-93.3663134,67,3.6,4
171368602,1/20/2016 22:01,0,0,70,0,0
171368602,1/20/2016 23:31,30.8323903,-93.367916,70,19,3
171368602,1/21/2016 1:00,30.8308976,-93.3686807,40,2.6,4
171368602,1/21/2016 2:30,30.8309352,-93.3688078,9,2.8,4
171368602,1/21/2016 4:00,30.8310145,-93.3686451,39,2,6
171368602,1/21/2016 5:30,30.8309766,-93.3686862,9,1.6,6
171368602,1/21/2016 7:00,30.8309976,-93.3689158,40,2.2,4
171368602,1/21/2016 8:30,30.8309154,-93.3687679,40,1,8
171368602,1/21/2016 10:00,30.8309388,-93.3689759,41,1.8,5
171368602,1/21/2016 11:30,30.8309574,-93.368809,36,1.8,5
171368602,1/21/2016 13:01,0,0,70,0,0
171368602,1/21/2016 14:31,30.8310452,-93.3692301,62,3.8,3
171368602,1/21/2016 16:01,30.8307611,-93.36944,65,5.6,3
171368602,1/21/2016 17:31,30.8309689,-93.3693866,69,3.8,4
171368602,1/21/2016 19:00,30.8309529,-93.3695173,38,8.2,5
171368602,1/21/2016 20:30,30.8314085,-93.3687808,45,39,4
171368602,1/21/2016 22:00,30.8309094,-93.3692362,43,3.4,3
171368602,1/21/2016 23:30,30.8310291,-93.3690079,39,1.6,4
171368602,1/22/2016 1:00,30.8307374,-93.370015,41,1.2,6
171368602,1/22/2016 2:31,30.8311198,-93.3696935,70,8.6,3
171368602,1/22/2016 4:00,30.8308932,-93.3699764,40,1.2,5
171368602,1/22/2016 5:30,30.8307787,-93.3699181,28,2.2,4
171368602,1/22/2016 7:01,30.8307204,-93.3692816,70,8.4,3
171368602,1/22/2016 8:30,30.8306249,-93.3699169,48,2,3
171368602,1/22/2016 10:00,30.8309326,-93.3708033,23,5.2,4
171368602,1/22/2016 11:30,30.8307584,-93.3701059,41,3,5
171368602,1/22/2016 13:00,30.8305372,-93.3699776,4,7,4
171368602,1/22/2016 14:31,0,0,70,0,0
171368602,1/22/2016 16:00,30.8306062,-93.3698843,41,3.6,4
171368602,1/22/2016 17:30,30.8302115,-93.3690808,7,7.8,4
171368602,1/22/2016 19:01,30.8312404,-93.3693412,70,9.6,3
171368602,1/22/2016 20:31,30.8299718,-93.3697996,70,7.8,3
171368602,1/22/2016 22:00,30.8305794,-93.3697928,39,1.6,5
171368602,1/22/2016 23:30,30.8307455,-93.3702477,8,2.6,5
171368602,1/23/2016 1:00,30.8305564,-93.3698837,39,3.8,4
171368602,1/23/2016 2:30,30.8311368,-93.3691809,11,2.4,4
171368602,1/23/2016 4:00,30.8312046,-93.369076,39,1.6,5
171368602,1/23/2016 5:30,30.8312271,-93.3689379,10,2.6,4
171368602,1/23/2016 7:01,30.831348,-93.3687169,70,5,3
171368602,1/23/2016 8:30,30.831224,-93.3689182,52,1.4,4
171368602,1/23/2016 10:00,30.8311846,-93.3689508,40,1.2,6
171368602,1/23/2016 11:30,30.8311744,-93.3689072,40,1.8,4
171368602,1/23/2016 13:00,30.830723,-93.3701802,26,7.8,4
171368602,1/23/2016 14:31,0,0,70,0,0
171368602,1/23/2016 16:00,30.8308209,-93.3699967,45,3,4
171368602,1/23/2016 17:30,30.8306622,-93.3698027,38,2.4,4
171368602,1/23/2016 19:00,30.8306601,-93.3698297,42,1.4,7
171368602,1/23/2016 20:30,30.8308965,-93.3696167,15,11.8,4
171368602,1/23/2016 22:00,30.8305821,-93.3698549,42,1.2,7
171368602,1/23/2016 23:30,30.830624,-93.3704214,21,2.8,5
171368602,1/24/2016 1:00,30.8300531,-93.3701353,43,1.4,5
171368602,1/24/2016 2:30,30.8300763,-93.3700255,16,1.8,5
171368602,1/24/2016 4:00,30.830098,-93.3701415,45,3.6,4
171368602,1/24/2016 5:30,30.8300989,-93.3701636,37,1,6
171368602,1/24/2016 7:00,30.8301632,-93.370077,45,1.2,4
171368602,1/24/2016 8:30,30.8299018,-93.3700647,40,1.8,7
171368602,1/24/2016 10:00,30.8303279,-93.370163,40,1.8,4
171368602,1/24/2016 11:30,30.8303042,-93.3701114,40,1.8,5
171368602,1/24/2016 13:00,30.8305733,-93.3699733,40,1.8,4
171368602,1/24/2016 14:30,30.8305006,-93.3699549,39,1.6,6
171368602,1/24/2016 16:00,30.8305861,-93.3698837,40,1.4,6
171368602,1/24/2016 17:30,30.8312491,-93.3696541,11,6.2,4
171368602,1/24/2016 19:00,30.8307385,-93.3698518,41,6.4,4
171368602,1/24/2016 20:30,30.830613,-93.3698911,36,1.4,5
171368602,1/24/2016 22:00,30.8304375,-93.3699475,43,1.4,5
171368602,1/24/2016 23:30,30.8304944,-93.3699604,29,2,3
171368602,1/25/2016 1:00,30.8302655,-93.3701157,37,1.4,5
171368602,1/25/2016 2:30,30.8303493,-93.3700623,8,1.8,5
171368602,1/25/2016 4:00,30.8303696,-93.3701611,39,1.2,6
171368602,1/25/2016 5:30,30.8303764,-93.3702041,8,2.4,5
171368602,1/25/2016 7:01,30.8304135,-93.3699512,70,5.6,3
171368602,1/25/2016 8:30,30.8303249,-93.3701679,38,2,5
171368602,1/25/2016 10:00,30.8301344,-93.3701715,10,2.4,4
171368602,1/25/2016 11:30,30.8303185,-93.3701765,40,1.6,4
171368602,1/25/2016 13:00,30.8301656,-93.3700512,13,3.2,4
171368602,1/25/2016 14:31,30.8302856,-93.3700513,70,6.2,3
171368602,1/25/2016 16:00,30.83053,-93.3697787,40,1,7
171368602,1/25/2016 17:30,30.8304458,-93.3696431,16,1.4,5
171368602,1/25/2016 19:00,30.8304544,-93.3697665,46,6.4,4
171368602,1/25/2016 20:30,30.8304966,-93.369683,23,1.2,5
171368602,1/25/2016 22:00,30.8305822,-93.369726,47,1.2,5
171368602,1/25/2016 23:30,30.8303827,-93.3698585,20,3.4,4
171368602,1/26/2016 1:01,30.8322656,-93.378683,67,3.4,5
171368602,1/26/2016 2:30,30.8318561,-93.3862117,7,2.4,4
171368602,1/26/2016 4:00,30.8317835,-93.386157,37,1.8,5
171368602,1/26/2016 5:30,30.8465987,-93.28233,8,2.8,4
171368602,1/26/2016 7:00,30.2494051,-93.0130775,39,2.2,4
171368602,1/26/2016 8:30,30.4432616,-91.3466087,16,2.6,4
171368602,1/26/2016 10:01,0,0,70,0,0
171368602,1/26/2016 11:31,0,0,70,0,0
171368602,1/26/2016 13:01,0,0,70,0,0
171368602,1/26/2016 14:31,0,0,70,0,0
171368606,1/8/2016 6:58,30.8354707,-93.3811055,37,1.8,5
171368606,1/8/2016 8:30,30.8355067,-93.3811491,24,5.4,3
171368606,1/8/2016 10:00,30.8355213,-93.381127,38,1.2,7
171368606,1/8/2016 11:30,30.8355577,-93.3811528,8,2.4,4
171368606,1/8/2016 13:00,30.8280533,-93.3678797,43,2.4,4
171368606,1/8/2016 14:30,30.8282717,-93.3682977,17,5.6,4
171368606,1/8/2016 16:00,30.8280763,-93.3681246,40,2.8,4
171368606,1/8/2016 17:30,30.8281404,-93.367895,38,1.4,5
171368606,1/8/2016 19:00,30.8282178,-93.3677981,40,2.4,4
171368606,1/8/2016 20:30,30.8279765,-93.3678834,41,2.6,5
171368606,1/8/2016 22:00,30.8280878,-93.3680061,41,1.2,7
171368606,1/8/2016 23:30,30.8280934,-93.3680215,24,1.2,5
171368606,1/9/2016 1:00,30.822684,-93.3663803,37,1.2,7
171368606,1/9/2016 2:30,30.8226647,-93.3664091,7,2.4,5
171368606,1/9/2016 4:00,30.8226996,-93.3663772,38,0.8,7
171368606,1/9/2016 5:30,30.8225828,-93.366511,8,1.4,5
171368606,1/9/2016 7:00,30.8225832,-93.3665091,39,0.8,9
171368606,1/9/2016 8:30,30.8225578,-93.3666534,8,2.2,5
171368606,1/9/2016 10:00,30.8225345,-93.3665435,38,1.6,5
171368606,1/9/2016 11:30,30.8225703,-93.3665294,39,1.4,6
171368606,1/9/2016 13:01,0,0,70,0,0
171368606,1/9/2016 14:31,30.8281681,-93.3681491,68,4.2,4
171368606,1/9/2016 16:00,30.8285812,-93.3682314,17,1.8,4
171368606,1/9/2016 17:31,30.8285111,-93.3683664,70,3,3
171368606,1/9/2016 19:00,30.8284067,-93.3683388,46,4.2,4
171368606,1/9/2016 20:30,30.8284854,-93.3676575,50,6.6,4
171368606,1/9/2016 22:01,0,0,70,0,0
171368606,1/9/2016 23:31,30.8287627,-93.3677993,70,4.2,3
171368606,1/10/2016 1:00,30.8229875,-93.3753266,40,3.2,5
171368606,1/10/2016 2:30,30.823083,-93.3752904,24,2.6,5
171368606,1/10/2016 4:00,30.8230127,-93.375307,39,1,7
171368606,1/10/2016 5:30,30.8230305,-93.3753376,8,1.2,6
171368606,1/10/2016 7:00,30.8230166,-93.3752824,38,2.4,7
171368606,1/10/2016 8:30,30.8229884,-93.3754052,8,2.4,5
171368606,1/10/2016 10:00,30.822969,-93.3753241,39,1.2,7
171368606,1/10/2016 11:30,30.8230335,-93.3752836,9,2.4,4
171368606,1/10/2016 13:00,30.8241711,-93.3691568,40,1.2,6
171368606,1/10/2016 14:30,30.8236817,-93.3691267,9,4.4,4
171368606,1/10/2016 16:00,30.8241703,-93.3691881,46,1.6,5
171368606,1/10/2016 17:30,30.8242345,-93.369854,17,3,4
171368606,1/10/2016 19:00,30.8240775,-93.3690347,41,3.2,4
171368606,1/10/2016 20:30,30.8240704,-93.3688401,36,3,4
171368606,1/10/2016 22:00,30.8241268,-93.3690893,38,2,5
171368606,1/10/2016 23:31,30.8241351,-93.369274,68,2,4
171368606,1/11/2016 1:00,30.8241323,-93.369131,38,1.6,5
171368606,1/11/2016 2:30,30.8241135,-93.369139,8,2.8,4
171368606,1/11/2016 4:00,30.8241239,-93.3690911,39,1,7
171368606,1/11/2016 5:30,30.8242112,-93.3694551,8,4.2,4
171368606,1/11/2016 7:00,30.8241893,-93.3691408,38,3,5
171368606,1/11/2016 8:30,30.8240934,-93.3696275,13,10,4
171368606,1/11/2016 10:00,30.8239534,-93.3689653,40,3.4,4
171368606,1/11/2016 11:30,30.8241096,-93.3692157,38,2.4,5
171368606,1/11/2016 13:00,30.8239767,-93.3691261,39,1.8,7
171368606,1/11/2016 14:30,30.8240857,-93.3692888,22,3,5
171368606,1/11/2016 16:00,30.8240338,-93.3691083,40,1.4,5
171368606,1/11/2016 17:30,30.8240091,-93.3692894,20,1.4,5
171368606,1/11/2016 19:00,30.8241342,-93.3691679,40,2.4,5
171368606,1/11/2016 20:30,30.8241531,-93.3691077,23,2.8,5
171368606,1/11/2016 22:00,30.8240571,-93.3691126,43,1,7
171368606,1/11/2016 23:30,30.8239726,-93.3690205,8,1.8,5
171368606,1/12/2016 1:00,30.831461,-93.3862392,39,1.8,4
171368606,1/12/2016 2:30,30.8318805,-93.3849429,39,1.8,7
171368610,1/26/2016 0:02,30.8318261,-93.3861889,38,1,7
171368610,1/26/2016 1:06,30.8318185,-93.386235,9,1.6,7
171368610,1/26/2016 2:07,30.8306613,-93.3849304,68,1.8,4
171368610,1/26/2016 3:06,30.8318886,-93.3817997,35,1.2,5
171368610,1/26/2016 4:06,30.8320044,-93.3810927,32,2,3
171368610,1/26/2016 5:06,30.8319935,-93.3810976,40,1,9
171368610,1/26/2016 6:06,30.8319807,-93.3811105,3,0.8,9
171368610,1/26/2016 7:06,30.8319974,-93.3811829,4,2.2,5
171368610,1/26/2016 8:06,30.8319855,-93.3811081,41,1.2,6
171368610,1/26/2016 9:06,30.8319682,-93.3811246,4,1.6,6
171368610,1/26/2016 10:06,30.8319449,-93.3811246,7,4,5
171368610,1/26/2016 11:06,30.8319901,-93.3811087,37,1.2,6
171368610,1/26/2016 12:06,30.8320037,-93.381121,7,1.6,5
171368610,1/26/2016 13:06,30.8227431,-93.3812938,11,3.2,4
171368610,1/26/2016 14:06,30.8227268,-93.3813251,39,2,4
171368610,1/26/2016 15:06,30.8226985,-93.3812049,37,1.4,5
171368610,1/26/2016 16:06,30.8229097,-93.3812735,8,2.4,5
171368610,1/26/2016 17:06,30.8227012,-93.3813668,39,3.2,4
171368610,1/26/2016 18:06,30.822689,-93.3811925,11,3.6,4
171368610,1/26/2016 19:06,30.8238585,-93.3791901,31,32,3
171368610,1/26/2016 20:06,30.8228364,-93.3810663,44,2.8,4
171368610,1/26/2016 21:06,30.8232782,-93.3808055,30,9,4
171368610,1/26/2016 22:06,30.822357,-93.3807673,41,5,3
171368610,1/26/2016 23:06,30.8224475,-93.3810883,40,2.6,4
171368610,1/27/2016 0:06,30.8210744,-93.3845051,4,1.6,4
171368610,1/27/2016 1:06,30.8190033,-93.3882901,5,6.4,4
171368610,1/27/2016 2:06,30.8190104,-93.3883067,41,1,7
171368610,1/27/2016 3:06,30.81903,-93.3883282,4,0.8,7
171368610,1/27/2016 4:06,30.819049,-93.3883098,4,1.2,5
171368610,1/27/2016 5:06,30.81891,-93.3882962,41,4.6,4
171368610,1/27/2016 6:06,30.8191572,-93.3884908,15,10.4,4
171368610,1/27/2016 7:06,30.8189749,-93.3883595,38,1,7
171368610,1/27/2016 8:06,30.8189814,-93.3883551,39,1,8
171368610,1/27/2016 9:06,30.81902,-93.3883509,8,1.6,7
171368610,1/27/2016 10:06,30.8189298,-93.3883189,8,1.8,6
171368610,1/27/2016 11:06,30.8189183,-93.3883361,38,1.2,6
171368610,1/27/2016 12:06,30.8189318,-93.3883557,9,1.8,5
171368610,1/27/2016 13:06,30.8176573,-93.3814219,9,2.8,4
171368610,1/27/2016 14:07,30.8174277,-93.3814391,70,3.4,4
171368610,1/27/2016 15:06,30.817249,-93.3813544,40,1.4,4
171368610,1/27/2016 16:06,30.8171603,-93.381396,20,2,4
171368610,1/27/2016 17:06,30.8172187,-93.3814709,20,2.8,4
171368610,1/27/2016 18:06,30.8173664,-93.381544,41,1.4,5
171368610,1/27/2016 19:06,30.8172843,-93.3814335,4,2.8,4
171368610,1/27/2016 20:06,30.8174146,-93.3812586,11,3.4,5
171368610,1/27/2016 21:06,30.8171868,-93.3814023,38,2,3
171368610,1/27/2016 22:06,30.8174057,-93.3814667,38,1.4,6
171368610,1/27/2016 23:06,30.8172758,-93.381336,8,1.8,5
171368610,1/28/2016 0:07,0,0,70,0,0
171368610,1/28/2016 1:06,30.8316588,-93.3812934,50,1.4,5
171368610,1/28/2016 2:06,30.8316708,-93.381523,22,2.2,4
171368610,1/28/2016 3:06,30.8318412,-93.3813407,26,2.4,3
171368610,1/28/2016 4:06,30.8316953,-93.3813161,38,0.8,8
171368610,1/28/2016 5:06,30.8317002,-93.3813063,9,2.2,6
171368610,1/28/2016 6:06,30.8315894,-93.3812264,9,4.4,6
171368610,1/28/2016 7:06,30.83173,-93.3813511,44,1.6,4
171368610,1/28/2016 8:06,30.8316331,-93.3814279,26,3.2,3
171368610,1/28/2016 9:06,30.8317998,-93.3815217,39,1,6
171368610,1/28/2016 10:06,30.8318029,-93.3815211,39,1.4,7
171368610,1/28/2016 11:06,30.8317937,-93.3815199,4,1.8,5
171368610,1/28/2016 12:06,30.8317396,-93.3815168,4,2.4,4
171368610,1/28/2016 13:06,30.8174238,-93.3814753,41,1.2,7
171368610,1/28/2016 14:06,30.8173371,-93.3814857,4,1.6,6
171368610,1/28/2016 15:06,30.817436,-93.3814299,7,2.6,5
171368610,1/28/2016 16:06,30.8172922,-93.381536,42,2.2,5
171368610,1/28/2016 17:06,30.8174414,-93.3821211,21,2.4,5
171368610,1/28/2016 18:06,30.816824,-93.380549,36,3.4,4
171368610,1/28/2016 19:06,30.8173873,-93.3812746,45,3.2,5
171368610,1/28/2016 20:06,30.8172533,-93.3806509,10,3.4,4
171368610,1/28/2016 21:06,30.8173885,-93.3815207,12,2.6,4
171368610,1/28/2016 22:06,30.817116,-93.3813849,51,1.2,5
171368610,1/28/2016 23:06,30.8174459,-93.3816675,9,2,4
171368610,1/29/2016 0:06,30.8173764,-93.3814373,37,2.4,4
171368611,1/26/2016 0:06,30.831761,-93.3861331,36,1,8
171368611,1/26/2016 1:06,30.8317688,-93.3861822,9,1.2,7
171368611,1/26/2016 2:06,30.8306586,-93.3848409,9,2.6,5
171368611,1/26/2016 3:06,30.831878,-93.3818464,39,1,8
171368611,1/26/2016 4:06,30.8293664,-93.380953,9,1.2,7
171368611,1/26/2016 5:06,30.8293502,-93.3810984,9,1.6,5
171368611,1/26/2016 6:06,30.8293359,-93.3811101,39,0.8,9
171368611,1/26/2016 7:06,30.8293567,-93.3811433,9,1.8,6
171368611,1/26/2016 8:06,30.8293321,-93.3811954,9,3.4,4
171368611,1/26/2016 9:06,30.8292501,-93.3812397,40,3.6,4
171368611,1/26/2016 10:06,30.8292671,-93.3814073,17,3,4
171368611,1/26/2016 11:06,30.8291265,-93.3811322,22,3.2,5
171368611,1/26/2016 12:06,30.8289525,-93.3811579,41,1,8
171368611,1/26/2016 13:06,30.8156958,-93.3809828,4,1,7
171368611,1/26/2016 14:06,30.8159808,-93.3809398,6,1.4,6
171368611,1/26/2016 15:07,30.8158346,-93.3809154,70,2,3
171368611,1/26/2016 16:06,30.8156818,-93.3809841,43,3,5
171368611,1/26/2016 17:06,30.8158525,-93.3810111,7,1.4,5
171368611,1/26/2016 18:06,30.8159953,-93.3806847,18,3.4,4
171368611,1/26/2016 19:06,30.8158773,-93.3809068,50,7,4
171368611,1/26/2016 20:06,30.8158823,-93.3813813,36,6.8,5
171368611,1/26/2016 21:06,30.8159318,-93.3808399,8,2.6,5
171368611,1/26/2016 22:06,30.8159494,-93.3808577,39,1.2,5
171368611,1/26/2016 23:06,30.8149534,-93.3809613,48,28.2,3
171368611,1/27/2016 0:06,30.814502,-93.3805675,43,5.2,4
171368611,1/27/2016 1:06,30.8148792,-93.3814682,49,2.6,3
171368611,1/27/2016 2:06,30.8151186,-93.38178,31,3.2,3
171368611,1/27/2016 3:06,30.8151993,-93.3814351,38,1.4,6
171368611,1/27/2016 4:06,30.8150817,-93.3813209,38,1.2,6
171368611,1/27/2016 5:06,30.8149436,-93.3812571,10,2,5
171368611,1/27/2016 6:06,30.814996,-93.3813301,9,1.4,5
171368611,1/27/2016 7:06,30.8149509,-93.3813387,44,2,5
171368611,1/27/2016 8:06,30.8149941,-93.3813367,17,2,5
171368611,1/27/2016 9:06,30.8148517,-93.3813183,9,2,5
171368611,1/27/2016 10:06,30.8149484,-93.3814558,39,1.2,6
171368611,1/27/2016 11:06,30.8150341,-93.3815173,9,1.8,5
171368611,1/27/2016 12:06,30.8152091,-93.3813922,9,3.2,4
171368611,1/27/2016 13:06,30.8149676,-93.3813171,51,2,5
171368611,1/27/2016 14:06,30.8149491,-93.3812539,5,2.2,4
171368611,1/27/2016 15:06,30.8148071,-93.3812337,38,1.6,5
171368611,1/27/2016 16:06,30.8151381,-93.3812982,45,6.2,5
171368611,1/27/2016 17:06,30.8149253,-93.3813197,18,2.8,5
171368611,1/27/2016 18:06,30.8149412,-93.3813294,6,2.4,4
171368611,1/27/2016 19:06,30.8152539,-93.3816835,38,3.4,4
171368611,1/27/2016 20:06,30.8149719,-93.3813847,7,1.6,4
171368611,1/27/2016 21:06,30.8148028,-93.3797647,36,3.4,4
171368611,1/27/2016 22:06,30.8149716,-93.3813951,37,1.8,6
171368611,1/27/2016 23:06,30.8149166,-93.3814264,8,2.4,4
171368611,1/28/2016 0:06,30.8153853,-93.3818328,9,5.8,4
171368611,1/28/2016 1:06,30.8133054,-93.3784622,43,4.6,5
171368611,1/28/2016 2:06,30.8130524,-93.3789641,16,1.6,6
171368611,1/28/2016 3:06,30.812953,-93.3789917,8,1.8,6
171368611,1/28/2016 4:06,30.8129977,-93.3789893,38,1,9
171368611,1/28/2016 5:06,30.8129962,-93.3789273,8,1,8
171368611,1/28/2016 6:06,30.8129981,-93.3788543,8,1,8
171368611,1/28/2016 7:06,30.81293,-93.3786818,43,2,4
171368611,1/28/2016 8:06,30.8129033,-93.3785149,22,1.6,4
171368611,1/28/2016 9:06,30.8129277,-93.3787119,37,0.8,9
171368611,1/28/2016 10:06,30.8134246,-93.3796508,40,1.4,7
171368611,1/28/2016 11:06,30.8133996,-93.3796558,9,4.6,5
171368611,1/28/2016 12:06,30.8135116,-93.3797515,9,3,4
171368611,1/28/2016 13:06,30.8150338,-93.3813123,39,1.2,6
171368611,1/28/2016 14:06,30.8152714,-93.3810766,3,2,6
171368611,1/28/2016 15:06,30.8145516,-93.3813853,14,5.8,5
171368611,1/28/2016 16:07,30.8142566,-93.3835503,70,7.4,3
171368611,1/28/2016 17:06,30.8149591,-93.3813295,39,2.6,5
171368611,1/28/2016 18:06,30.8150197,-93.3814497,4,8.2,4
171368611,1/28/2016 19:06,30.8151398,-93.3810751,17,4.2,4
171368611,1/28/2016 20:06,30.8148733,-93.3813852,41,6,4
171368611,1/28/2016 21:06,30.8148547,-93.3813583,7,1.6,4
171368611,1/28/2016 22:06,30.814952,-93.3816081,38,1.2,4
171368611,1/28/2016 23:07,0,0,70,0,0
171368611,1/29/2016 0:07,0,0,70,0,0
171368616,1/28/2016 5:56,30.8200499,-93.3794799,45,2.2,6
171368616,1/28/2016 7:00,30.8201973,-93.3792988,8,2.4,4
171368616,1/28/2016 8:00,30.8200339,-93.3794443,38,1.6,5
171368616,1/28/2016 9:00,30.8198317,-93.3794915,8,3.6,5
171368616,1/28/2016 10:00,30.8204676,-93.3798133,9,2.2,4
171368616,1/28/2016 11:00,30.8200851,-93.3793652,45,1,7
171368616,1/28/2016 12:00,30.8200121,-93.3793805,9,1.2,7
171368616,1/28/2016 13:00,30.8194415,-93.3821525,9,1.6,6
171368616,1/28/2016 14:00,30.8194197,-93.3821943,39,2,5
171368616,1/28/2016 15:00,30.8196042,-93.3824128,4,2.4,5
171368616,1/28/2016 16:00,30.8194835,-93.3821936,20,2,5
171368616,1/28/2016 17:00,30.8194984,-93.3822942,47,1.8,6
171368616,1/28/2016 18:00,30.819487,-93.3820653,4,2.2,5
171368616,1/28/2016 19:00,30.818743,-93.3825997,7,4.4,4
171368616,1/28/2016 20:00,30.8196242,-93.3825871,52,5.4,3
171368616,1/28/2016 21:00,30.8195639,-93.3820703,36,1.4,5
171368616,1/28/2016 22:00,30.8194466,-93.3820672,15,1.4,5
171368616,1/28/2016 23:01,30.8194287,-93.3819831,67,1.8,4
171368616,1/29/2016 0:00,30.8195648,-93.382198,36,3,3
171368616,1/29/2016 1:00,30.8194258,-93.3819126,39,2,6
171368616,1/29/2016 2:00,30.8193817,-93.3819807,38,1.2,6
171368616,1/29/2016 3:00,30.8193078,-93.382123,8,1.6,6
171368616,1/29/2016 4:00,30.8192822,-93.3820315,9,2.6,4
171368616,1/29/2016 5:00,30.8193309,-93.3819523,40,1.4,5
171368616,1/29/2016 6:00,30.8194379,-93.3821232,38,6,5
171368616,1/29/2016 7:00,30.819375,-93.3819015,9,2.2,5
171368616,1/29/2016 8:00,30.8193762,-93.3820911,39,3.2,5
171368616,1/29/2016 9:00,30.8191347,-93.3818106,7,4,5
171368616,1/29/2016 10:00,30.8194836,-93.3818868,10,2.6,4
171368616,1/29/2016 11:00,30.8193578,-93.3820365,45,2,5
171368616,1/29/2016 12:00,30.8194239,-93.3820304,15,2,4
171368616,1/29/2016 13:00,30.8196637,-93.3825067,9,2.4,5
171368616,1/29/2016 14:01,0,0,70,0,0
171368616,1/29/2016 15:01,0,0,70,0,0
171368616,1/29/2016 16:00,30.8196496,-93.3822391,50,4.4,4
171368616,1/29/2016 17:00,30.8193252,-93.3823494,17,1.4,4
171368616,1/29/2016 18:00,30.8192488,-93.3824856,46,1.6,4
171368616,1/29/2016 19:00,30.8192929,-93.3822901,51,2.2,4
171368616,1/29/2016 20:00,30.8194901,-93.3828806,16,2.8,4
171368616,1/29/2016 21:00,30.819391,-93.3822482,9,3.4,4
171368616,1/29/2016 22:00,30.819491,-93.3822273,52,2.4,4
171368616,1/29/2016 23:00,30.8189176,-93.3820683,12,2,4
171368616,1/30/2016 0:00,30.8194521,-93.3827121,38,2,4
171368616,1/30/2016 1:00,30.8199594,-93.3819163,40,2.2,4
171368616,1/30/2016 2:00,30.8199568,-93.3818586,17,2.8,4
171368616,1/30/2016 3:00,30.8195441,-93.3811262,6,4.4,4
171368616,1/30/2016 4:00,30.8200346,-93.3818857,41,1.6,6
171368616,1/30/2016 5:00,30.8201119,-93.3818598,4,1.8,6
171368616,1/30/2016 6:00,30.8200938,-93.381718,6,2,6
171368616,1/30/2016 7:00,30.8200755,-93.3818513,41,1.6,4
171368616,1/30/2016 8:00,30.8200013,-93.3818709,8,1.4,4
171368616,1/30/2016 9:00,30.8210327,-93.3820836,21,2.4,4
171368616,1/30/2016 10:01,0,0,70,0,0
171368616,1/30/2016 11:00,30.8201331,-93.3820531,44,2,5
171368616,1/30/2016 12:00,30.8201399,-93.3819311,8,3.4,5
171368616,1/30/2016 13:00,30.819365,-93.382069,10,2.6,4
171368616,1/30/2016 14:00,30.8197219,-93.3824024,54,4.2,3
171368616,1/30/2016 15:01,30.8193579,-93.3822287,69,1.2,4
171368616,1/30/2016 16:00,30.8195152,-93.3820598,17,2.2,6
171368616,1/30/2016 17:00,30.8191529,-93.382217,45,1.2,6
171368616,1/30/2016 18:00,30.8194582,-93.3823753,4,1.6,5
171368616,1/30/2016 19:00,30.8193425,-93.3822605,38,2,5
171368616,1/30/2016 20:01,30.8190149,-93.3821574,70,6,3
171368616,1/30/2016 21:00,30.8193698,-93.3817728,45,13.2,4
171368616,1/30/2016 22:00,30.8190236,-93.3821172,41,2.6,4
171368616,1/30/2016 23:00,30.8190293,-93.3811619,7,4.4,4
171368616,1/31/2016 0:01,0,0,70,0,0
171368616,1/31/2016 1:00,30.821072,-93.3816519,45,2.4,6
171368616,1/31/2016 2:00,30.8209951,-93.3814415,8,1.6,6
171368616,1/31/2016 3:00,30.8207488,-93.3808148,9,8.4,4
171368616,1/31/2016 4:00,30.8210894,-93.3815181,38,2.6,5
171368616,1/31/2016 5:00,30.8204354,-93.3813655,11,6.2,4
171368616,1/31/2016 6:00,30.8213153,-93.3816281,32,28,4
